id,formation_energy_ev_natom,bandgap_energy_ev,predict1
1,0.068,3.4387,1.38156000525
2,0.249,2.921,4.07455669343
3,0.1821,2.7438,3.14078378677
4,0.2172,3.3492,4.41199888289
5,0.0505,1.3793,2.08098378032
6,0.2209,2.1633,2.79980506003
7,0.0562,0.9854,1.10150881112
8,0.2243,1.7179,5.38418579102
9,0.2193,2.6257,3.97211389244
10,0.1994,2.5187,3.79947647452
11,0.0581,3.8723,1.16543182731
12,0.259,2.8805,3.89728020132
13,0.0535,3.9039,1.09291457012
14,0.078,2.5371,1.51767385006
15,0.39,0.9251,6.49880853295
16,0.166,1.5852,3.34506097436
17,0.2544,2.2913,4.62797494233
18,0.0503,1.1844,2.30038058013
19,0.1919,2.567,4.17332951725
20,0.2063,1.5596,3.71127952635
21,0.0918,1.1365,1.83862788975
22,0.0566,3.9691,1.17771686614
23,0.2027,2.9122,4.77048815787
24,0.2753,1.1811,4.53957027197
25,0.0916,4.0371,2.0543076247
26,0.1783,3.3353,2.68285478652
27,0.3518,0.976,6.23548322916
28,0.2237,1.9672,3.35151842237
29,0.1898,1.1496,2.38988126069
30,0.2106,3.3923,3.4136300683
31,0.3269,1.546,5.64194077253
32,0.2721,0.4095,4.96253733337
33,0.2342,2.1264,5.10885556042
34,0.1469,2.4457,2.60769350827
35,0.1259,1.3632,1.8121265322
36,0.1064,1.9758,2.88020922244
37,0.2341,1.9983,5.4885007441
38,0.2993,1.346,5.0833004117
39,0.366,1.3392,5.7425583899
40,0.2545,0.927,4.09189771116
41,0.1647,1.5402,3.14731140435
42,0.1573,3.4388,2.97402845323
43,0.2876,2.27,4.54516769946
44,0.2093,3.9989,3.96626918018
45,0.2108,2.3055,3.75827239454
46,0.0219,2.8387,1.22736817598
47,0.3124,2.0234,4.98276354373
48,0.2123,2.5317,3.60060819983
49,0.2456,0.6786,4.63181135058
50,0.2261,3.4819,4.79817201197
51,0.1608,2.5143,3.61210076511
52,0.1117,2.9429,3.74353758991
53,0.0908,0.9961,1.7949494049
54,0.385,1.2886,6.18466484547
55,0.1185,2.3298,3.05292317271
56,0.0467,3.7759,1.2953353934
57,0.2358,1.7358,5.09294186532
58,0.0728,2.1497,2.30950213224
59,0.0617,3.7029,1.06615217775
60,0.095,3.8226,1.65321443975
61,0.1461,1.8387,2.93208953738
62,0.1985,2.673,3.45706290007
63,0.4402,0.367,4.87800903618
64,0.2328,2.2593,4.74337103963
65,0.0614,2.4345,1.93294971436
66,0.1138,1.6944,2.30848382413
67,0.2699,1.8454,4.33667334914
68,0.2103,1.5678,4.08823911846
69,0.1252,2.7433,3.6193625927
70,0.2712,2.1345,4.84877511859
71,0.2728,2.5418,4.5718562007
72,0.1432,2.9752,2.46289566159
73,0.2677,1.0205,3.51552088559
74,0.0442,4.2309,0.878721583635
75,0.2292,2.3414,4.17446240783
76,0.1649,1.6372,2.62621894479
77,0.2143,3.6242,4.55590501428
78,0.0824,1.1499,2.44995328784
79,0.2527,1.3415,4.01058200002
80,0.1756,1.6822,2.93882487714
81,0.2614,2.0137,4.12082615495
82,0.0215,2.5838,0.512161826715
83,0.28,0.9661,4.98336522281
84,0.1319,1.4285,2.85667605698
85,0.2665,2.34,4.93018472195
86,0.1104,3.4371,2.08890405297
87,0.1801,1.7088,2.55158663541
88,0.0702,3.4502,1.46849980205
89,0.1357,2.3551,2.85664068162
90,0.2867,1.8095,4.95007736981
91,0.2135,2.1964,3.07274250686
92,0.1023,0.9843,2.33257652074
93,0.3764,0.9052,5.5388700664
94,0.2374,3.1829,3.93686975539
95,0.1987,2.5485,3.80087842047
96,0.1261,3.4081,1.83801602572
97,0.0,0.9166,0.95147152245
98,0.0406,2.7322,0.693504650146
99,0.1604,0.7631,3.86850105226
100,0.1064,3.2272,2.1259214282
101,0.0409,0.9133,1.52734176815
102,0.1103,1.9497,1.80159510672
103,0.1022,3.6786,2.00040123612
104,0.2221,3.2429,3.79879252613
105,0.008,3.2351,1.42941853404
106,0.0254,3.1446,1.58342844248
107,0.0373,3.5738,1.04805726558
108,0.352,1.6429,5.27310842276
109,0.3011,2.0435,4.91519907117
110,0.2573,2.0056,4.15074712038
111,0.2297,1.8474,3.09184873104
112,0.1093,1.2062,2.18212674558
113,0.0557,2.1744,1.54433876276
114,0.1794,2.508,3.47231045365
115,0.0684,4.5094,1.67103490233
116,0.0784,1.6991,2.03294160217
117,0.402,1.1281,5.69773349166
118,0.1984,2.1189,5.67495247722
119,0.1219,2.0981,3.00309887528
120,0.2107,1.8358,4.75133427978
121,0.439,1.0169,6.46811169386
122,0.2558,2.2377,4.1085921675
123,0.1466,3.475,3.31439621747
124,0.2271,1.437,4.4259789139
125,0.2077,2.3018,3.84253239632
126,0.3481,1.1339,4.28183867037
127,0.075,1.0338,0.98910407722
128,0.2583,1.6865,4.67013578117
129,0.2444,1.9135,5.59672838449
130,0.2431,2.5233,4.07414996624
131,0.2485,2.2335,4.40111008286
132,0.2402,1.6618,4.5809276849
133,0.0969,1.8691,2.09781209379
134,0.4461,0.7928,5.80219915509
135,0.2109,1.9323,3.67108152807
136,0.1231,3.3455,2.49421659112
137,0.0441,3.2971,0.648461654782
138,0.0738,5.2114,1.91878941655
139,0.1206,2.3364,2.83283670247
140,0.4163,2.5592,5.17225474119
141,0.218,2.7698,4.06970512867
142,0.1496,1.3464,3.56624427438
143,0.3581,1.2158,5.22929207981
144,0.2891,1.2056,5.13085770607
145,0.255,1.2841,3.90685707331
146,0.0747,1.0168,1.74987769872
147,0.1068,3.5451,1.98396208137
148,0.1904,2.6278,3.19043365121
149,0.0993,2.9037,1.83660015464
150,0.0977,1.0297,1.27858011425
151,0.3689,1.5878,4.33370794356
152,0.1381,2.5144,2.7519826293
153,0.3341,0.9384,5.73657381535
154,0.0995,4.3239,1.97932837903
155,0.2066,3.0472,3.5403226614
156,0.0092,1.4593,1.64019260556
157,0.2358,2.0491,3.61928229034
158,0.2349,1.4018,4.61537024379
159,0.3134,1.0404,5.3035915792
160,0.0515,4.2897,0.727334916592
161,0.1379,1.7931,2.73390035331
162,0.115,1.0134,2.71334508061
163,0.1194,2.6134,2.19698873162
164,0.0123,2.3529,0.346025940031
165,0.15,2.001,3.40051427484
166,0.1061,1.246,3.11045721173
167,0.3069,1.1435,4.49038736522
168,0.391,1.6526,5.97766566277
169,0.1382,2.8254,3.14810922742
170,0.0606,3.7804,1.36512884498
171,0.4439,1.6062,5.57004374266
172,0.2213,1.9578,3.55925372243
173,0.4095,0.461,6.61140674353
174,0.3317,1.4338,6.38658311963
175,0.0982,0.9743,2.0693481341
176,0.0428,4.2811,0.820621013641
177,0.2187,3.2662,3.83990696073
178,0.1282,1.262,1.58980131149
179,0.3492,1.2786,6.21155136824
180,0.2757,1.8436,4.13607937098
181,0.4952,0.4109,6.19125926495
182,0.1261,1.9456,2.89123795927
183,0.1332,2.5344,2.76330244541
184,0.0254,2.4253,0.849202830344
185,0.3432,1.2053,6.48058995605
186,0.1025,1.0775,1.24344654381
187,0.0744,2.5823,1.27788360789
188,0.2135,2.2313,4.0141017139
189,0.271,1.0964,5.55246126652
190,0.3761,1.2417,6.75992742181
191,0.0352,3.1663,0.486936420202
192,0.1279,1.5455,2.8683925271
193,0.2351,1.0193,3.63216654956
194,0.0856,3.2617,1.77346200496
195,0.4327,0.6236,6.59886065125
196,0.3506,1.5498,4.90846475959
197,0.2227,1.9743,4.58964313567
198,0.2126,2.5513,3.67355631292
199,0.2042,2.6141,3.80208416283
200,0.0598,0.9677,1.72823122144
201,0.1985,2.6453,3.59104128182
202,0.1848,1.0341,2.76701444387
203,0.0416,0.91,1.21950041503
204,0.2808,0.7935,3.62237280607
205,0.1848,2.1374,3.77493438125
206,0.1283,1.3027,2.10505687445
207,0.0772,3.382,1.52232608944
208,0.1883,2.0563,3.42607885599
209,0.178,1.4562,3.70905810595
210,0.2289,1.8646,4.5507298857
211,0.3169,1.9064,5.42080724239
212,0.1768,2.0724,3.35103394091
213,0.01,1.3425,1.30027199537
214,0.2933,1.2221,5.1673412621
215,0.2311,3.1668,3.99430443347
216,0.1818,2.3949,3.54101876915
217,0.1295,3.6619,2.63394992054
218,0.0905,1.9307,2.14329690486
219,0.163,2.8518,3.04777103662
220,0.2107,1.8048,4.02533428371
221,0.117,1.202,2.30959179997
222,0.3226,1.52,6.37950709462
223,0.2402,1.6976,3.9576883018
224,0.1892,3.7532,3.22267965972
225,0.234,1.4131,3.76598736644
226,0.1367,1.5381,1.87823615968
227,0.1225,4.0806,1.99596585333
228,0.2054,1.8941,3.7818903178
229,0.1062,1.6909,2.67063981295
230,0.1479,1.8403,3.23368836939
231,0.3452,1.4549,4.4654327929
232,0.2558,0.8536,4.32538628578
233,0.1098,3.1215,1.93053229153
234,0.1778,2.9986,3.51829770207
235,0.2922,0.8037,5.5747781992
236,0.2281,2.0619,3.70213142037
237,0.2364,1.9447,4.50802280009
238,0.1849,2.7164,3.36259959638
239,0.2903,3.4438,4.92268529534
240,0.2205,2.1159,4.06895524263
241,0.1818,1.1437,3.97249943018
242,0.0758,0.9439,2.3409294337
243,0.1511,2.783,4.30621868372
244,0.0723,3.0501,1.57535146177
245,0.3427,0.7994,4.55759868026
246,0.1571,1.7474,2.93308290839
247,0.2971,1.9414,5.40594479442
248,0.0647,3.2502,1.4325472191
249,0.2394,1.9292,4.4083455056
250,0.1396,1.3633,2.10460776091
251,0.068,3.6662,1.20490412414
252,0.294,0.2934,2.99408212304
253,0.223,1.8181,3.99794575572
254,0.057,3.3501,0.552690513432
255,0.2812,1.4181,5.17175799608
256,0.1383,1.5896,3.52469281852
257,0.103,1.0845,0.874624602497
258,0.2645,1.6502,4.34664770961
259,0.1057,3.2978,1.83670658618
260,0.0413,2.6021,0.706709623337
261,0.0826,2.0494,2.59333973378
262,0.2119,1.4733,3.15525595844
263,0.1016,2.9164,2.05152696371
264,0.2641,2.2569,5.55427789688
265,0.1147,3.4166,2.03596752137
266,0.3349,2.0738,5.76863688231
267,0.2039,1.6095,2.9375693202
268,0.1086,3.3472,1.9350315854
269,0.1783,2.044,2.95432884991
270,0.0402,2.9343,0.455671086907
271,0.0107,1.8683,0.801863975823
272,0.2316,1.882,4.1434956193
273,0.1483,1.861,3.24738743901
274,0.3874,1.9715,6.09321540594
275,0.2254,1.4426,3.6665571928
276,0.202,1.1492,3.05620825291
277,0.0215,2.1204,0.376507207751
278,0.2115,1.0487,3.63978886604
279,0.2041,3.0532,4.17009821534
280,0.2113,2.2756,4.40227626264
281,0.2506,3.0935,4.09621359408
282,0.0713,3.3074,1.46860932559
283,0.2248,2.3551,4.11771911383
284,0.0622,3.5551,1.46671845019
285,0.2293,1.5436,4.40668822825
286,0.36,0.5288,5.58874577284
287,0.1935,2.559,2.52779924124
288,0.3777,1.4436,6.46892282367
289,0.1594,1.319,3.40820305049
290,0.2186,2.9631,4.14370597899
291,0.3288,0.8297,4.67361015081
292,0.1277,1.278,2.5175955072
293,0.3746,0.7126,4.5187639147
294,0.0443,4.6795,1.14604575559
295,0.1973,2.426,3.14793166518
296,0.2932,0.0001,3.76460033655
297,0.1349,1.3917,1.76263365895
298,0.3269,1.3776,6.32226988673
299,0.289,1.4616,4.41724814475
300,0.0398,0.9203,0.916394874454
301,0.3942,1.7944,4.80905769765
302,0.1003,3.4323,1.7607390061
303,0.021,1.4941,0.952821321785
304,0.2783,0.6045,4.59044843912
305,0.072,3.2455,2.803396523
306,0.1115,1.0036,2.67442861199
307,0.316,0.6817,5.86359101534
308,0.5069,1.9411,1.82982883602
309,0.2042,1.3375,3.37218140066
310,0.2006,2.5656,3.63063649833
311,0.0426,0.8872,1.35131071508
312,0.0549,1.6532,2.00925666094
313,0.2264,2.711,3.75070402026
314,0.1045,3.4993,1.88800488412
315,0.1279,2.2913,2.76816746593
316,0.3291,1.56,5.16722354293
317,0.0486,3.2901,0.594600886106
318,0.071,0.9724,1.83783115447
319,0.1373,1.3418,3.37153704464
320,0.2506,1.1888,4.19025163352
321,0.2395,1.8922,4.5393602103
322,0.1596,2.3399,2.968098104
323,0.1448,3.0674,2.70909905434
324,0.0868,3.0468,1.91557749361
325,0.1337,2.2578,1.39205926284
326,0.1078,3.7828,1.98753841966
327,0.0883,2.594,5.1241902858
328,0.1214,1.714,1.60909684747
329,0.2021,1.8546,4.05764579773
330,0.1505,1.5436,2.83475667238
331,0.0602,2.5705,1.4934457615
332,0.1129,1.1655,1.92363914102
333,0.2406,1.378,3.92453432083
334,0.2408,0.8991,3.56606581807
335,0.1952,0.6863,3.50808313489
336,0.2026,2.6535,3.73113049567
337,0.4023,1.2391,6.20352464914
338,0.2949,1.0686,5.89735141397
339,0.2449,1.8368,6.19949573278
340,0.3573,1.5972,6.17842769623
341,0.1317,1.2352,2.02367305756
342,0.061,3.5058,1.44085893035
343,0.0229,3.5488,0.618051037192
344,0.1985,1.1836,3.86961083114
345,0.2313,2.223,3.9076898694
346,0.1464,2.0916,2.32922485471
347,0.195,1.507,3.14772842824
348,0.1845,1.8698,2.37731897086
349,0.2201,1.5309,3.91262535751
350,0.1676,1.5656,3.00302813947
351,0.1072,3.2643,2.07084922493
352,0.1805,1.1882,3.31917515397
353,0.3264,1.4741,4.43077665567
354,0.1093,3.3219,1.73042182624
355,0.3507,2.1794,4.60610102117
356,0.0471,1.3925,2.13299062103
357,0.1946,3.0669,4.09132295847
358,0.4021,1.2398,5.0827190876
359,0.1066,3.4511,2.00859154761
360,0.2698,0.8871,4.94457174838
361,0.1727,0.8714,5.05233488977
362,0.3697,1.1659,4.98099222779
363,0.127,2.7888,2.77207404375
364,0.0509,2.4474,2.14029014856
365,0.1457,0.8837,2.82440412045
366,0.1778,2.808,3.41237039864
367,0.1828,1.4292,3.01294851303
368,0.1115,1.4034,3.52534969151
369,0.3236,0.9869,3.88220638037
370,0.0714,3.3925,1.17690889537
371,0.2289,2.2311,4.53933607042
372,0.1954,1.1412,3.72089461982
373,0.051,2.0815,1.56095675379
374,0.0468,2.5749,1.26199424267
375,0.1919,2.6605,3.56621338427
376,0.2323,1.7832,3.84688875079
377,0.1094,3.104,2.06501626223
378,0.3624,1.9685,5.85482522845
379,0.0734,1.4469,2.92506246269
380,0.0895,4.3583,1.89309166372
381,0.0393,2.8477,1.26883261651
382,0.2733,1.7267,4.94508682191
383,0.2286,3.768,4.23223228753
384,0.2187,1.8251,4.09171026945
385,0.1404,1.1931,3.00906099379
386,0.1203,1.2087,2.58690810949
387,0.2266,1.3208,3.11313922703
388,0.1139,3.1183,1.48871763051
389,0.144,2.8336,3.31021216512
390,0.4314,1.1355,6.50816732645
391,0.0459,4.3868,0.82544054091
392,0.3264,0.7284,5.95315337181
393,0.0467,4.4229,1.24980634823
394,0.234,2.1107,4.50517611206
395,0.2804,0.9055,4.47100348771
396,0.3564,1.2875,3.8642513901
397,0.1985,2.4751,3.82647837698
398,0.2453,2.7447,3.98419420421
399,0.4294,0.8564,6.23799616098
400,0.3493,2.4419,5.14881575108
401,0.186,1.3205,3.44435663521
402,0.0871,4.5287,1.89730677754
403,0.0936,3.4215,1.8085424453
404,0.3503,2.7602,5.73710909486
405,0.2741,1.9105,5.21927437186
406,0.2403,1.1624,3.56972397864
407,0.0319,4.5533,1.10251050442
408,0.1797,2.9739,3.7176258862
409,0.1837,1.254,2.52125548571
410,0.2602,1.3279,4.30920884013
411,0.2482,1.3189,4.1303267628
412,0.0323,2.2885,1.27565553784
413,0.2534,1.5821,4.78897799551
414,0.275,1.6731,4.46742400527
415,0.1422,2.4021,3.22289675474
416,0.2475,1.4369,4.35923758149
417,0.0825,2.1433,2.37743591517
418,0.091,1.8706,1.91255215555
419,0.2199,0.8826,4.56668132544
420,0.1936,1.0907,4.2782343924
421,0.2026,1.6601,3.47797641158
422,0.2511,3.3218,4.3611934036
423,0.118,2.2205,3.28471440077
424,0.5239,0.5201,6.90403735638
425,0.1662,1.9916,3.07445269823
426,0.1287,1.3821,2.85227295756
427,0.3569,0.6581,4.54259984195
428,0.1912,1.4875,3.63140749931
429,0.0617,0.9567,1.22468331456
430,0.0607,3.713,1.22538217902
431,0.0693,4.2315,1.53517648578
432,0.1835,2.5807,2.87504525483
433,0.3884,1.5225,6.85813260078
434,0.104,1.1345,1.26802411303
435,0.2166,1.6363,3.60563971102
436,0.3234,1.3118,5.50507804751
437,0.2229,0.7954,3.0009611696
438,0.1042,3.0429,1.90560156107
439,0.2213,1.8225,4.6129924953
440,0.2994,1.0288,4.81270837784
441,0.2086,2.8409,4.18961244822
442,0.1134,1.3039,2.88056376576
443,0.1347,1.1451,1.84816604853
444,0.1396,2.74,2.86998741329
445,0.0991,3.5939,1.81133959442
446,0.2471,2.0071,4.60282184184
447,0.0789,1.4898,2.27674349397
448,0.2026,2.3173,3.72224359214
449,0.2212,3.8912,4.22526244819
450,0.1495,1.6717,2.92587941885
451,0.1922,2.0765,4.37540818751
452,0.307,1.7724,6.04047080874
453,0.1833,1.1948,3.45663163066
454,0.2225,2.9763,3.94649600983
455,0.1078,3.7819,1.86166765541
456,0.2785,1.2874,4.93077388406
457,0.2,2.8023,3.91527676582
458,0.0647,3.2712,1.20185821503
459,0.4102,0.2269,6.60138741136
460,0.274,1.0992,4.18087561429
461,0.1073,2.3744,2.55912388116
462,0.1542,1.4101,2.70693559945
463,0.1379,2.2921,2.68901760876
464,0.2698,1.6084,4.77983906865
465,0.3165,0.0057,5.14450366795
466,0.2738,1.542,7.13682091236
467,0.0114,0.9326,0.708754964173
468,0.1684,0.7642,3.10002885759
469,0.3525,0.8236,5.54824283719
470,0.1058,3.0975,2.01704975963
471,0.0936,1.3454,1.9753536284
472,0.2641,2.2842,4.47523546219
473,0.1977,2.5184,3.65760554373
474,0.3684,1.8531,6.59679275751
475,0.1999,2.8972,3.42633229494
476,0.1933,1.3787,4.11267355084
477,0.5264,0.9599,4.79356727004
478,0.2173,2.9427,3.87130391598
479,0.2123,1.3646,5.10487677157
480,0.1007,0.9788,2.73990990222
481,0.1622,2.5995,3.76404131949
482,0.2623,1.4629,3.9623760879
483,0.1412,1.6933,3.10304442048
484,0.097,2.8337,2.31865569204
485,0.2183,2.1158,4.21792814136
486,0.1846,1.7484,2.71565307677
487,0.1727,1.6209,3.24310769141
488,0.0678,0.9236,1.32652791217
489,0.2651,2.0286,4.21344049275
490,0.0608,2.8162,1.2551548034
491,0.2627,2.2471,4.74627386034
492,0.0762,3.2171,0.934462115169
493,0.2301,1.74,4.64432355762
494,0.0604,3.6911,1.06206185371
495,0.1981,1.3259,4.14195978642
496,0.1626,2.5352,3.44733344018
497,0.1355,0.8687,3.37938334048
498,0.1496,2.3682,3.00465507805
499,0.3863,1.6204,6.55433964729
500,0.1594,2.2109,3.41220083833
501,0.1082,3.2642,2.24152958393
502,0.3392,0.2717,4.55375790596
503,0.0688,3.6274,1.05345978215
504,0.0375,4.4769,0.748238503933
505,0.0209,1.7267,0.990054689348
506,0.2088,0.6522,2.67969765514
507,0.1714,2.6033,3.38248954713
508,0.0616,3.8839,1.00399956107
509,0.1124,3.0661,2.14775028825
510,0.1048,3.5951,2.00040125847
511,0.1171,2.1162,2.99073916674
512,0.071,3.418,1.37251185626
513,0.3591,1.8123,6.07217162848
514,0.3119,0.8434,5.52658706903
515,0.15,0.8462,3.5243794769
516,0.2433,2.7715,4.63554424047
517,0.3512,1.0097,6.3234859705
518,0.3668,1.7883,4.89959454536
519,0.2872,1.4478,4.64556023479
520,0.1134,2.7543,1.94835244119
521,0.1258,1.9108,2.62965199351
522,0.2436,1.7464,5.15661479533
523,0.4829,0.7197,6.26873418689
524,0.1767,1.6992,3.7058468014
525,0.242,1.7266,4.04929603636
526,0.1592,1.4215,2.14659932256
527,0.3344,1.1263,5.45266181231
528,0.0633,3.7185,1.02915370837
529,0.082,2.9058,1.82117831707
530,0.015,5.2457,0.603982239962
531,0.0875,2.9651,2.04541099072
532,0.1741,2.1593,3.90523858368
533,0.1735,1.4693,3.61346568167
534,0.3739,1.734,6.0773370266
535,0.2091,2.4276,4.13051114976
536,0.3231,2.3442,4.67373424768
537,0.1957,1.801,4.29540544748
538,0.0371,3.5374,0.819962926209
539,0.4572,1.6208,6.53972232342
540,0.0884,3.1271,1.90810510516
541,0.3793,1.633,5.68704670668
542,0.1711,1.6016,3.03405071795
543,0.1176,3.1657,2.7090934217
544,0.1896,2.6046,3.49583972991
545,0.3475,0.5848,4.69541369379
546,0.3921,0.6571,5.73854115605
547,0.1058,3.3875,1.93280990422
548,0.2998,1.0097,3.98411214352
549,0.0554,3.9333,1.40308798105
550,0.1813,2.2106,3.25606182218
551,0.3504,0.571,5.59380084276
552,0.2351,1.4163,4.36731487513
553,0.1913,1.0463,2.47884394228
554,0.3254,0.968,6.55453750491
555,0.2598,1.1821,3.97086714208
556,0.3026,0.9993,5.80239900947
557,0.2358,0.9901,4.18004390597
558,0.0814,0.9774,1.94626267254
559,0.221,2.4882,3.40704068542
560,0.3371,2.6708,5.22063529491
561,0.0686,3.4592,1.31185270846
562,0.4439,2.0151,5.8758572042
563,0.132,2.5282,3.65036809444
564,0.1052,1.9601,3.14996273816
565,0.2069,2.5689,4.81526614726
566,0.2304,2.434,3.65427044034
567,0.1722,2.9478,4.83456161618
568,0.1408,1.8406,4.65087097883
569,0.1314,1.1484,3.03249007463
570,0.0477,1.2206,2.02240797877
571,0.3496,0.1835,5.04787135124
572,0.1753,1.198,3.04594217241
573,0.1699,3.1744,3.9968251884
574,0.1684,3.2689,3.67500190437
575,0.1105,1.9401,2.4425348267
576,0.1077,1.0129,2.35198481381
577,0.3064,0.7927,4.48535190523
578,0.0211,2.2309,0.478888817132
579,0.0369,2.5969,0.620330274105
580,0.1325,1.701,2.6787930727
581,0.1148,3.3117,2.11825454235
582,0.5369,0.2961,6.38600993156
583,0.2071,2.157,4.14473307133
584,0.187,1.2023,2.63698729873
585,0.0441,2.6983,0.615906357765
586,0.0401,0.9142,1.35659918562
587,0.2096,1.8456,3.12155197561
588,0.3868,1.3441,5.55962100625
589,0.3629,1.2512,4.69293580949
590,0.1034,3.6074,2.5236338526
591,0.3229,0.7307,4.45970804989
592,0.1133,1.7518,2.95552146435
593,0.1859,1.376,1.76134900749
594,0.3596,1.6946,4.85469715297
595,0.2279,1.0994,5.02834533155
596,0.0782,3.1538,1.35172222555
597,0.2972,1.6776,5.22446739674
598,0.2544,0.8212,3.34549531341
599,0.1843,2.2461,3.23782122135
600,0.1942,1.1464,2.99289634824
601,0.0637,0.9547,1.42147922516
602,0.1139,1.0527,3.09129369259
603,0.1078,3.6851,2.65120507777
604,0.1691,1.6896,3.64559544623
605,0.0686,3.4586,1.26853471994
606,0.2839,1.5121,4.83187681437
607,0.108,3.2643,2.16595625877
608,0.3639,1.9622,6.76059624553
609,0.1576,1.3185,2.29093202949
610,0.2254,2.279,4.42789210379
611,0.25,2.8953,3.971683532
612,0.3059,1.5085,5.26349455118
613,0.2345,1.4383,2.90621899068
614,0.1187,2.1714,2.93165452778
615,0.1175,1.1308,1.5717362836
616,0.314,2.4319,4.21480342746
617,0.2615,1.3238,4.12195652723
618,0.0684,3.4819,1.32234812155
619,0.1533,3.5084,2.60989034921
620,0.3182,1.8563,6.29696130753
621,0.154,1.73,3.02214987576
622,0.2689,2.388,4.49849545956
623,0.1442,1.4197,2.62235747278
624,0.1007,2.3688,2.16662226617
625,0.1058,3.1047,1.94714540988
626,0.3364,1.5504,4.87854731083
627,0.1866,1.3028,4.02213715017
628,0.0199,3.8447,1.60527928174
629,0.1203,3.9937,2.10086463392
630,0.343,1.4026,6.00169599056
631,0.165,3.9417,3.7304238975
632,0.1912,1.7771,4.15886740386
633,0.0961,1.8084,2.72687506676
634,0.2936,0.864,5.19822973013
635,0.1591,3.1106,3.00699029863
636,0.0846,4.2465,1.45659417659
637,0.074,1.3244,1.71230632812
638,0.2323,1.2993,4.34512481093
639,0.4343,1.1538,5.66216468811
640,0.08,1.1609,2.15395563841
641,0.1078,1.1069,2.0805252865
642,0.1472,1.5702,3.19305858016
643,0.1087,1.011,2.50659061223
644,0.1711,1.4918,3.8821593076
645,0.2163,1.6612,3.84895245731
646,0.386,0.2331,6.232108742
647,0.2962,1.6725,5.4004560709
648,0.0847,3.5261,1.80037622154
649,0.1985,2.1405,4.22966118157
650,0.0498,4.1679,0.711971744895
651,0.0884,4.2708,1.41284719855
652,0.2835,1.7981,4.6501441747
653,0.0437,2.0802,0.674304500222
654,0.2361,2.013,4.22594463825
655,0.2089,0.9927,4.2207813412
656,0.1956,2.5015,4.29117883742
657,0.2231,1.693,3.54083888233
658,0.2251,2.633,3.91709370911
659,0.1352,1.9107,3.46377810836
660,0.1398,1.2082,2.97708174586
661,0.2825,2.006,7.03561881185
662,0.0809,2.7611,1.59332802147
663,0.0293,2.2744,1.27165546268
664,0.2721,2.2113,4.75640134513
665,0.116,3.0961,2.46117867529
666,0.0272,1.3714,1.92215456069
667,0.2226,2.5022,3.58950348198
668,0.2548,2.9121,4.5546386838
669,0.088,3.1325,1.88038355857
670,0.1074,3.0686,2.01067210734
671,0.1349,2.1113,3.20565645397
672,0.0477,1.2205,2.59762693942
673,0.1921,3.0261,3.83466100693
674,0.1936,0.904,3.03954480588
675,0.3017,0.9876,5.40621158481
676,0.0346,3.1697,0.667289622128
677,0.2966,2.9351,5.01812492311
678,0.0657,3.707,1.12324791029
679,0.0915,4.3482,1.7566986084
680,0.2487,2.9433,4.40861681104
681,0.1719,2.4794,3.68350884318
682,0.1336,2.2203,2.52321013808
683,0.311,0.7527,4.16646724939
684,0.3874,1.226,6.53706905246
685,0.0221,2.6663,0.624933034182
686,0.2696,0.8886,3.66618081927
687,0.1966,1.4785,3.19277904928
688,0.1356,1.9072,3.46913209558
689,0.3056,0.8366,5.8423422873
690,0.1016,3.3621,1.87693910301
691,0.07,3.6328,1.45363038033
692,0.2213,2.6114,3.75746396184
693,0.1974,2.6277,4.66380473971
694,0.015,5.2457,0.665598426014
695,0.0674,0.9641,1.46654521674
696,0.1889,1.6792,5.93798074126
697,0.132,1.6904,2.57548034936
698,0.2092,1.0881,5.89837473631
699,0.0968,3.5516,1.91329240799
700,0.0606,1.0647,1.62014149129
701,0.2642,0.5816,5.15180535614
702,0.093,4.086,1.77273133397
703,0.2514,0.9171,4.32496595383
704,0.2662,0.4244,3.93712696433
705,0.1761,2.8878,3.36286613345
706,0.0871,0.9692,2.18301551789
707,0.1683,2.5356,3.2982044667
708,0.1257,1.2028,1.73979798704
709,0.3287,0.2022,4.33131743968
710,0.0885,1.3463,2.80539515615
711,0.0816,1.1048,1.34826208651
712,0.2404,2.936,3.47863003612
713,0.3176,1.4332,5.41376471519
714,0.3168,0.4905,4.81811210513
715,0.017,1.265,2.04200931638
716,0.1919,0.7821,2.82231661677
717,0.0507,4.5326,1.40646547079
718,0.1966,1.7178,4.01954227686
719,0.3639,0.9587,6.67695951462
720,0.2164,2.5386,3.52695344388
721,0.2816,1.903,4.86279505491
722,0.4734,1.1483,6.12542659044
723,0.2375,2.16,3.60005666316
724,0.244,2.2564,4.5452272743
725,0.3326,1.3726,6.13167575002
726,0.0744,2.5991,1.49984764308
727,0.0981,3.6205,1.9594103545
728,0.1466,1.5327,2.08296763897
729,0.2078,2.5688,3.4202452451
730,0.1212,3.0249,2.95697778463
731,0.4065,1.3395,5.99364885688
732,0.172,2.333,3.115280509
733,0.2141,1.7737,3.34457400441
734,0.4536,1.6914,5.87260812521
735,0.1922,1.4373,1.84653710574
736,0.0619,1.2523,1.95634388179
737,0.1168,1.9526,2.64623227715
738,0.3806,1.3279,6.03346195817
739,0.4046,1.4538,4.3955694586
740,0.0277,2.3759,0.269015833735
741,0.3908,1.1917,5.31989136338
742,0.0014,2.2826,1.33264408633
743,0.3092,0.936,4.68397958577
744,0.0375,4.478,1.3333058171
745,0.263,1.2802,5.95300218463
746,0.1919,2.5224,3.57919342816
747,0.4037,0.3323,4.4633230567
748,0.1681,1.5745,3.36926344037
749,0.0837,1.7023,2.68732561171
750,0.1629,1.7066,2.45670339465
751,0.3598,0.9376,5.91293177009
752,0.0825,1.035,1.49829049408
753,0.2004,2.7467,3.29042804241
754,0.1366,1.9847,3.19396784902
755,0.2819,1.5602,4.61467660964
756,0.2342,1.6068,3.6434288919
757,0.0516,0.936,1.20890690386
758,0.1962,1.5468,3.70145942271
759,0.1956,1.6087,3.41589789093
760,0.0816,3.3811,1.88060922921
761,0.2565,2.0344,4.17430284619
762,0.2888,0.8008,5.18842953444
763,0.2957,1.0025,4.3687427938
764,0.2415,0.5225,3.70926034451
765,0.0522,3.9718,0.88612498343
766,0.1424,1.6842,2.68905986845
767,0.0594,1.3113,1.46132516116
768,0.2655,2.0946,5.24792283773
769,0.1689,1.2702,2.75079081953
770,0.0134,1.5188,0.897945076227
771,0.1607,2.1848,2.25400370359
772,0.1524,2.0414,2.49020276964
773,0.1736,3.3519,3.74580995739
774,0.2708,2.0698,4.46445070207
775,0.3804,1.29,5.67233985662
776,0.2565,2.1608,4.73253948987
777,0.0303,1.3131,1.60119093955
778,0.3108,2.7164,5.07316297293
779,0.1993,1.6036,2.98811234534
780,0.2655,1.3542,3.39103981853
781,0.2093,3.9988,4.06169766188
782,0.1739,1.4595,2.45616290718
783,0.1056,3.3241,1.78949029744
784,0.0676,3.2683,1.10691009089
785,0.1351,4.3363,2.74166381359
786,0.207,1.2998,3.73216383159
787,0.0421,2.713,1.50231692195
788,0.2742,2.4484,4.4735314399
789,0.3241,0.3494,5.61618888378
790,0.3936,0.435,4.4546816051
791,0.2855,1.9085,4.25103253126
792,0.0234,2.4214,0.753994276747
793,0.1533,1.5863,3.66896428168
794,0.2299,1.3492,5.5814498961
795,0.168,1.4916,3.23967532814
796,0.3872,1.0386,5.7697878778
797,0.0681,3.6805,1.08075962216
798,0.0799,2.3124,1.43370691687
799,0.2472,1.6739,4.57566326857
800,0.1024,3.5805,2.00274854898
801,0.0907,1.7218,2.69283205271
802,0.2284,1.7162,3.91221636534
803,0.2024,0.8103,2.65809451044
804,0.0879,2.4289,1.68956770748
805,0.2442,2.7687,3.91316954792
806,0.2523,2.0893,5.71560642123
807,0.1898,2.8341,3.27857391536
808,0.2465,2.0427,4.53698779643
809,0.2488,1.1263,5.55614626408
810,0.0755,3.218,1.11490829289
811,0.287,0.5409,5.11727157235
812,0.111,3.2201,2.11988532543
813,0.3414,1.0872,5.26744693518
814,0.0261,2.3654,0.762912105769
815,0.2282,3.9917,4.06448568404
816,0.1281,1.379,2.74123495817
817,0.3239,2.2233,5.67681360245
818,0.076,2.2528,1.16241689026
819,0.1275,1.458,2.11266923696
820,0.0877,3.9514,2.09479403496
821,0.1942,1.8205,3.32065394521
822,0.0812,1.0429,1.7669070065
823,0.1513,2.6879,2.87424118817
824,0.103,2.1348,2.74699820578
825,0.2262,2.3232,4.49926225841
826,0.0929,1.6029,0.923644647002
827,0.1874,3.7011,4.00865785778
828,0.2047,1.0367,3.05780008435
829,0.136,1.8274,2.72677502036
830,0.1191,1.3002,2.12761108577
831,0.2877,1.4986,6.80479463935
832,0.1553,3.7395,3.00657729805
833,0.3203,1.5893,5.25413993001
834,0.0917,3.1301,2.78771363199
835,0.072,2.0183,1.737314336
836,0.2502,2.2177,4.97703492641
837,0.1613,1.5283,3.30890309811
838,0.0796,1.4169,3.88199754059
839,0.3671,1.8353,3.42671562731
840,0.143,1.6919,2.76407258213
841,0.2313,3.0469,4.1177572161
842,0.2081,2.2182,2.99969211221
843,0.1293,1.3098,2.07948730141
844,0.2285,1.5529,3.91321320832
845,0.0746,3.6602,1.15493429825
846,0.4225,1.1923,7.53291872144
847,0.1436,3.4041,3.4711419642
848,0.0921,1.1557,3.53951887786
849,0.1467,1.3185,2.49585399032
850,0.2321,1.476,3.30840741098
851,0.0199,1.5541,1.30498046428
852,0.2295,3.4313,5.00487682223
853,0.068,2.086,3.13060514629
854,0.2871,1.91,4.49417771399
855,0.2128,1.4828,3.60435076058
856,0.0387,3.7127,1.22302551568
857,0.2324,1.5045,4.37927481532
858,0.1634,1.2584,3.65771988034
859,0.2371,0.8042,3.49265043437
860,0.0411,0.9183,1.27240778506
861,0.1992,2.7911,3.5753146559
862,0.2438,2.9076,3.51804207265
863,0.2896,1.1253,5.64222332835
864,0.2033,2.5347,3.69015003741
865,0.2307,1.0995,4.08631642163
866,0.1281,1.2296,2.19547684491
867,0.0414,3.0176,0.921726763248
868,0.0769,3.1761,1.42512796819
869,0.0459,0.9844,1.73952993751
870,0.134,2.8803,3.61917036772
871,0.3004,1.1093,5.24754869938
872,0.3721,1.5688,5.96435126662
873,0.2326,1.9837,3.96123726666
874,0.1348,1.0935,2.51723195612
875,0.0807,2.1429,3.00169934332
876,0.2388,0.9436,3.63604208827
877,0.199,2.3591,4.97944670916
878,0.1653,1.8449,2.98846751451
879,0.0665,1.0269,2.44115773588
880,0.0081,1.931,-0.017736017704
881,0.0836,4.6705,1.23064159602
882,0.2076,2.5011,3.8064507395
883,0.216,0.7305,2.50178028643
884,0.3298,0.9754,4.07119683921
885,0.0372,2.8677,1.29101927578
886,0.1205,3.6024,2.10070282221
887,0.0153,5.2861,0.546353809536
888,0.1052,1.1241,2.36586295813
889,0.2167,2.0581,3.60354180634
890,0.0404,1.579,1.5122064501
891,0.1668,3.4881,3.04648827016
892,0.2112,1.1142,5.04240432382
893,0.3358,1.967,5.78301155567
894,0.1722,2.3782,2.74966172874
895,0.3403,0.997,5.9677336216
896,0.3342,0.0267,3.7625105083
897,0.2559,2.357,4.7441624105
898,0.1196,1.8144,1.89004220814
899,0.0467,3.7781,0.894740074873
900,0.0445,4.2611,1.26077841222
901,0.0911,2.408,3.02076719701
902,0.3126,0.274,4.99646267295
903,0.0973,1.1019,1.98698171973
904,0.3336,1.4668,5.54632884264
905,0.2617,2.6558,4.09274041653
906,0.2762,1.3528,4.51022461057
907,0.2219,2.576,4.01834894717
908,0.0697,3.3943,1.11824823916
909,0.3801,0.9434,6.51284879446
910,0.1389,1.2044,2.8018464148
911,0.072,3.0148,1.35247835517
912,0.1993,0.8308,2.97915746272
913,0.197,1.8097,3.68863326311
914,0.2586,2.1454,2.73460765183
915,0.2509,1.9226,4.82750144601
916,0.2588,2.5029,4.61445875466
917,0.127,2.3538,2.0356484279
918,0.0838,1.7613,1.20714237168
919,0.1573,3.756,2.59085309505
920,0.1948,1.9156,4.32061129808
921,0.3263,1.1998,5.33458012342
922,0.3465,0.5994,4.99760392308
923,0.2816,0.5259,4.6831857264
924,0.3125,1.9965,5.11340233684
925,0.1642,0.7493,2.97734698653
926,0.0727,1.0376,1.76782424748
927,0.1988,2.247,3.83073481917
928,0.1669,1.4714,3.63606779277
929,0.3485,0.7659,5.8533718884
930,0.2269,1.574,4.9408134371
931,0.1414,2.2573,2.6249717325
932,0.2265,1.5329,3.81547245383
933,0.1685,1.4986,3.02610602975
934,0.0228,4.0611,1.21598056331
935,0.2654,1.3251,4.26773072779
936,0.3224,1.4148,6.45997324586
937,0.1342,1.7346,4.09701402485
938,0.2804,0.6576,4.81405344605
939,0.0414,4.2646,0.81300034374
940,0.1736,2.9473,4.3686825335
941,0.127,1.9059,3.25115172565
942,0.1837,1.9186,3.86161060631
943,0.0163,3.4871,1.6143669188
944,0.3279,1.6023,5.48296177387
945,0.2662,0.9903,3.71764962375
946,0.1541,2.0294,2.89969564974
947,0.2522,1.9125,4.44025088847
948,0.1829,2.6457,3.47421406209
949,0.122,0.9547,3.12173588574
950,0.2544,2.6774,4.51089030504
951,0.1323,1.1142,2.73364378512
952,0.2233,0.8877,2.94673471153
953,0.3779,1.309,6.04000714421
954,0.1366,2.1963,3.09955336154
955,0.0648,3.9555,0.990256011486
956,0.0308,3.3081,1.61627986282
957,0.067,3.2618,1.02429345995
958,0.3142,1.1828,5.86349746585
959,0.4164,0.6846,5.29002442956
960,0.1129,1.5717,2.47418995202
961,0.1168,1.0572,2.89515197277
962,0.1583,1.3425,3.17520305514
963,0.3335,1.5575,4.2719411552
964,0.1028,3.7566,1.8431269601
965,0.0642,1.8873,1.69251252711
966,0.0375,2.8485,0.938133314252
967,0.2263,0.8276,2.92755024135
968,0.16,1.6695,2.64811070263
969,0.1851,1.3668,3.22319167852
970,0.1965,2.7282,2.85298009217
971,0.1051,3.6341,2.06435319781
972,0.2019,0.8162,4.05393263698
973,0.2001,2.5715,4.01713420451
974,0.0995,1.0385,1.78184390813
975,0.0673,1.0984,2.26121868193
976,0.0958,3.7442,1.85413690656
977,0.2653,2.9951,4.54137727618
978,0.1098,1.1018,1.43722486496
979,0.1717,1.695,2.43990461528
980,0.4238,0.8458,5.73176020384
981,0.0778,2.13,2.75561529398
982,0.1197,1.1474,2.40591802448
983,0.1739,3.0401,3.90703770518
984,0.1312,2.7688,2.35361330211
985,0.1856,1.8641,4.05940105021
986,0.2678,3.4287,4.38908459246
987,0.0163,3.4871,1.73290303349
988,0.0847,2.8949,1.90395078808
989,0.1887,3.006,3.87293174863
990,0.1117,3.4832,2.24733698368
991,0.2348,2.1347,4.46709607542
992,0.1439,1.2796,2.38921725005
993,0.2073,2.5908,4.22536845505
994,0.1645,1.5632,2.04610430449
995,0.1421,2.2631,2.64063975215
996,0.0999,4.1194,1.61092046648
997,0.1963,2.1131,5.05363681912
998,0.0812,1.043,1.7759206742
999,0.1947,1.5464,3.08996197581
1000,0.0928,0.7883,2.57375077903
1001,0.2574,3.0491,4.11456876993
1002,0.2301,0.9304,5.11975628138
1003,0.0953,3.551,1.96952423453
1004,0.2677,2.4009,4.72851420939
1005,0.075,3.2003,1.18051264435
1006,0.1089,3.5426,2.21377675235
1007,0.1582,1.228,2.58496128023
1008,0.0357,4.545,0.730493329465
1009,0.0346,3.1697,0.585911557078
1010,0.224,2.4076,4.44286443293
1011,0.2805,1.1634,3.55656214058
1012,0.3523,1.4619,6.08213073015
1013,0.099,2.8222,1.82466828823
1014,0.2127,1.4273,4.76500438154
1015,0.0413,0.9271,1.32779505104
1016,0.3957,0.9387,5.10072636604
1017,0.1035,3.4898,1.99556557089
1018,0.1475,1.2896,2.35599053651
1019,0.2399,3.8599,4.30319711566
1020,0.3718,0.6322,6.13973110914
1021,0.0974,3.6921,1.90037330985
1022,0.0494,0.9238,1.09053871781
1023,0.0947,3.9019,1.88602883369
1024,0.239,2.5528,4.37108758092
1025,0.0332,0.959,0.94627225399
1026,0.24,1.4355,4.45239889622
1027,0.0398,0.9129,1.20303346589
1028,0.0988,4.2244,1.71158475429
1029,0.2005,2.5844,3.80510236323
1030,0.2636,2.6709,4.37878850102
1031,0.3049,1.3159,5.72184816003
1032,0.1612,1.7867,1.78346015513
1033,0.2258,2.4391,3.60095180571
1034,0.4034,1.6807,6.54501760006
1035,0.1292,0.9216,2.64350392669
1036,0.1165,2.0336,1.55664771795
1037,0.0727,3.5831,1.15159872174
1038,0.2433,1.1671,3.96786288917
1039,0.0725,2.3967,1.39277138561
1040,0.1026,1.0929,2.16565208137
1041,0.1451,2.3434,2.8111140877
1042,0.1909,2.5371,3.49848556519
1043,0.0681,3.4939,1.34279902652
1044,0.0808,1.4598,2.59887066483
1045,0.2047,0.7902,3.86610923707
1046,0.0754,2.9707,1.37352197617
1047,0.1983,1.6148,4.28306522965
1048,0.1313,1.3869,2.25527021289
1049,0.4012,1.1665,5.74157869816
1050,0.2336,1.9298,4.45277155936
1051,0.2489,2.3152,4.04264388978
1052,0.3255,0.5212,4.886227265
1053,0.3192,1.309,5.56485697627
1054,0.2012,1.0861,2.35280222446
1055,0.2112,0.7501,3.67262335122
1056,0.1347,1.1896,2.62456535548
1057,0.1591,2.7837,2.83412790298
1058,0.143,3.0128,2.52340044081
1059,0.2107,2.3091,3.39088928699
1060,0.1255,2.4302,2.66254468262
1061,0.2093,2.3961,3.27200774848
1062,0.2192,0.9067,2.72631961107
1063,0.2664,2.9439,5.14347577095
1064,0.3768,1.2262,5.63523504138
1065,0.1625,3.5574,2.74357926846
1066,0.0741,3.0135,1.54679744691
1067,0.0889,1.4902,2.38965985924
1068,0.273,1.2563,3.76507607102
1069,0.1387,2.069,2.50857727975
1070,0.2236,1.5846,4.20559249818
1071,0.0286,2.54,0.62322909385
1072,0.1458,1.5063,3.39276076853
1073,0.0114,0.9326,0.910364914685
1074,0.1591,2.4692,3.37001606822
1075,0.2076,1.5657,4.62549415231
1076,0.3345,0.9742,6.2707606554
1077,0.0771,2.3846,1.18852960318
1078,0.242,2.4395,4.46761018038
1079,0.2,2.5963,3.4310965538
1080,0.1644,1.27,2.96502129734
1081,0.2448,2.2734,4.02600839734
1082,0.0783,1.0476,2.05384934694
1083,0.0648,3.9551,1.03352309018
1084,0.1168,1.0571,3.36122304201
1085,0.0931,3.0517,2.26837325096
1086,0.2107,1.6295,3.38926751912
1087,0.1758,3.0908,3.80344541371
1088,0.0705,3.2342,1.31381053105
1089,0.0209,2.6945,0.588335372508
1090,0.0427,2.8956,0.519051134586
1091,0.0946,4.3228,2.30550019443
1092,0.212,2.7143,3.8306247443
1093,0.2034,2.3692,4.10241401196
1094,0.3315,1.1909,5.48809343576
1095,0.1726,0.7138,3.34928964078
1096,0.3425,0.665,5.55103567243
1097,0.2154,2.1115,3.27127850056
1098,0.2796,1.19,3.99201802909
1099,0.0668,2.3245,1.98597171158
1100,0.1769,3.0613,4.08356977999
1101,0.2802,1.6778,5.32380068302
1102,0.3115,0.4947,5.44613561034
1103,0.0803,4.7234,1.96199804544
1104,0.2072,3.4981,3.48023883998
1105,0.103,4.0285,2.25382949412
1106,0.2727,2.4023,5.57895863056
1107,0.2473,2.6303,4.39783079922
1108,0.2849,1.0045,5.73713645339
1109,0.2239,2.6202,3.85868826509
1110,0.1916,1.3803,3.46688313782
1111,0.147,2.3775,2.85601188242
1112,0.1062,3.5481,1.77770294994
1113,0.1616,1.725,3.06533677876
1114,0.2523,1.8869,5.1530508697
1115,0.1464,1.6955,2.14631222934
1116,0.3275,2.2808,4.48399740458
1117,0.2476,0.9809,4.22527691722
1118,0.0193,2.8842,0.567728117108
1119,0.176,1.7828,3.4220021069
1120,0.3266,0.5576,4.36746743321
1121,0.0858,0.9798,1.44285137951
1122,0.3726,0.947,6.34708613157
1123,0.1047,2.9385,2.04726247489
1124,0.1415,1.2749,2.09752349555
1125,0.0453,1.2788,1.99916250259
1126,0.338,1.8079,3.77322177589
1127,0.4874,1.3422,5.63771042228
1128,0.1402,3.3418,2.98354285955
1129,0.3526,0.7351,4.10305438936
1130,0.1835,1.3344,2.71723519266
1131,0.2127,0.8359,4.72361892462
1132,0.153,1.3975,3.12237228453
1133,0.0922,1.4219,2.02273899317
1134,0.3492,1.448,5.7209008038
1135,0.4168,0.5994,5.92610779405
1136,0.0899,1.2023,2.58787976205
1137,0.2829,0.436,5.21770080924
1138,0.2581,1.1108,4.20929603279
1139,0.1213,4.0886,1.66014600545
1140,0.316,0.0393,4.73664405942
1141,0.1362,1.6288,2.60990556329
1142,0.0497,2.5652,1.06359897554
1143,0.1056,1.7704,0.863879054785
1144,0.3357,1.9985,6.34749650955
1145,0.0861,4.6562,1.28369017318
1146,0.0723,0.9879,1.49531976879
1147,0.2729,1.6153,4.40014880896
1148,0.2417,2.3808,4.35603348911
1149,0.1527,1.8737,3.40957473218
1150,0.0408,4.433,0.913478940725
1151,0.1337,1.4735,2.24336391687
1152,0.0581,3.872,1.09012667462
1153,0.1838,0.9651,4.57843129337
1154,0.1239,4.0658,2.15186902136
1155,0.2042,1.3897,3.68717589974
1156,0.2628,1.9003,5.04412922263
1157,0.1435,3.424,2.60357002914
1158,0.1717,2.1712,2.62654696405
1159,0.1191,1.3002,2.02147123963
1160,0.1757,2.1736,4.14090807736
1161,0.1622,2.4495,3.85582047701
1162,0.1752,1.4297,5.58701485395
1163,0.2479,0.816,3.03425401449
1164,0.2629,2.4312,4.77942849696
1165,0.2055,1.3445,4.30173632503
1166,0.0828,1.0381,1.68851739913
1167,0.0628,1.0008,1.19271812961
1168,0.2039,1.642,3.65735790133
1169,0.2272,2.6398,4.44931212068
1170,0.3313,1.7817,6.18316856027
1171,0.1428,2.2304,3.0021687746
1172,0.3461,2.2908,6.76018685102
1173,0.2809,0.7709,4.68261477351
1174,0.0271,2.5554,0.700441166759
1175,0.287,0.5974,5.08781285584
1176,0.3445,0.9459,4.87710309029
1177,0.1016,1.4311,2.49360208213
1178,0.3438,1.603,4.96960921586
1179,0.1056,3.9064,2.37014652789
1180,0.306,1.7719,4.28921695054
1181,0.2259,1.0627,4.18955637515
1182,0.0932,4.6955,2.16080788523
1183,0.1181,0.9638,3.13577601314
1184,0.2264,1.7344,4.1660490334
1185,0.2497,1.559,3.88489814103
1186,0.2785,1.0281,3.67134183645
1187,0.2736,1.0378,4.63026085496
1188,0.2464,2.2573,4.24609127641
1189,0.1811,1.9308,3.02045100927
1190,0.061,3.5196,1.33988751471
1191,0.1275,3.534,2.10805460066
1192,0.2234,2.7189,3.66034896672
1193,0.1741,1.8326,2.79250320792
1194,0.057,3.8762,0.971642468125
1195,0.0457,3.1036,0.778711743653
1196,0.13,1.1275,2.66086104512
1197,0.0134,1.4475,1.76673619449
1198,0.2593,1.925,4.12307019532
1199,0.0351,2.9228,0.76394341886
1200,0.2399,1.2998,4.77572727203
1201,0.2002,2.4279,3.72796079516
1202,0.1539,2.2489,3.07831814885
1203,0.2113,1.9383,4.19224980474
1204,0.0985,1.5231,3.07746574283
1205,0.0193,2.8843,0.558212056756
1206,0.2614,1.3059,3.4347808212
1207,0.0093,1.4598,1.61200159043
1208,0.0293,4.7355,0.92014574632
1209,0.2797,1.4658,4.36378158629
1210,0.4105,1.4854,6.09169253707
1211,0.3187,1.9306,4.51001603901
1212,0.0987,3.2515,2.05715453625
1213,0.4167,1.4829,6.29248380661
1214,0.0806,0.9194,2.25790112466
1215,0.2804,0.722,4.09867985547
1216,0.1311,2.7338,2.95387972891
1217,0.308,1.7309,4.3898383081
1218,0.2315,2.6214,3.68049225211
1219,0.1717,1.4019,3.2699046582
1220,0.1387,2.5433,2.44366641343
1221,0.3802,0.3358,4.73597973585
1222,0.0415,0.9106,1.20982096344
1223,0.0554,4.1001,0.807014238089
1224,0.1605,0.7853,2.00136910379
1225,0.1235,1.553,2.1383888647
1226,0.2907,0.8168,4.64573581517
1227,0.4362,2.0223,6.40550732613
1228,0.3703,0.2064,6.59279355407
1229,0.1502,2.4098,4.45777373016
1230,0.156,1.9834,3.05749809742
1231,0.2711,1.8051,4.69078147411
1232,0.1165,2.1629,2.73852029443
1233,0.1673,2.6485,2.81024876237
1234,0.1779,3.056,3.28746755421
1235,0.3632,2.2573,4.96222734451
1236,0.6121,1.42,6.7725276351
1237,0.0578,3.4948,1.45993158221
1238,0.2028,2.5877,3.57919496298
1239,0.3218,1.2731,5.46592897177
1240,0.1282,1.8055,2.25153510273
1241,0.1097,3.6232,2.72301468253
1242,0.0995,4.3227,2.1177649498
1243,0.1349,1.4124,2.72702801228
1244,0.1582,1.2278,2.12015732378
1245,0.0176,1.633,4.0178860575
1246,0.3992,0.2639,3.91403859854
1247,0.2893,2.7956,4.25976127386
1248,0.1298,1.8815,3.18114902079
1249,0.0518,4.0482,1.51257105172
1250,0.3292,0.771,4.31770934165
1251,0.1821,1.3697,3.05370801687
1252,0.0592,3.7172,1.25847679749
1253,0.1078,3.7828,2.17877374589
1254,0.1315,1.7033,3.23467071354
1255,0.2199,2.1585,3.76150748134
1256,0.1736,2.189,3.80903047323
1257,0.2402,1.3953,2.77684721351
1258,0.2309,0.3031,5.44048237801
1259,0.0798,1.0993,1.56127198786
1260,0.0884,2.3595,2.92805375159
1261,0.4233,0.5384,7.11933788657
1262,0.3065,1.1918,5.51418709755
1263,0.0405,1.0229,1.03395602852
1264,0.2733,1.0343,4.34184531868
1265,0.3907,0.5706,5.07070101798
1266,0.1411,3.7644,2.11988642812
1267,0.1357,1.5152,2.77689759433
1268,0.292,2.2986,5.97615671158
1269,0.1416,2.6881,3.42423342168
1270,0.1774,2.1064,3.63452361524
1271,0.2941,1.5813,5.21564805508
1272,0.0114,0.9324,0.545026540756
1273,0.0122,3.4535,0.637801874429
1274,0.2371,1.2603,4.22109735012
1275,0.4512,1.1854,6.8442479372
1276,0.0221,3.2403,0.644588619471
1277,0.0915,4.3487,2.16064264625
1278,0.1082,3.7237,1.82221768051
1279,0.0348,3.2435,0.434957250953
1280,0.2346,1.2793,3.76051512361
1281,0.3169,0.1952,5.66851174831
1282,0.2057,2.5812,3.47540910542
1283,0.1282,1.9706,3.29996843636
1284,0.2883,1.8019,5.11858859658
1285,0.0944,1.0353,3.31371726096
1286,0.3063,0.0049,4.85363484919
1287,0.1041,2.1723,2.59385880828
1288,0.0293,4.737,0.864604204893
1289,0.1571,1.7197,3.0018119663
1290,0.0674,1.87,1.90334399045
1291,0.1439,1.2072,2.65579997003
1292,0.1231,1.8096,1.98607128859
1293,0.3991,1.1486,5.87033835053
1294,0.1264,1.786,2.64854599535
1295,0.1177,2.2708,3.04048414528
1296,0.1337,2.6562,2.615474388
1297,0.1888,1.8955,4.44371165335
1298,0.2847,1.5121,6.34707075357
1299,0.2179,1.9569,4.8838493526
1300,0.0423,1.3061,1.84591901302
1301,0.2496,1.8788,5.9684008956
1302,0.2788,1.5425,5.48766928911
1303,0.3347,1.8863,6.58037129045
1304,0.0717,3.411,1.35936915874
1305,0.1262,2.2928,2.81727452576
1306,0.2258,2.7552,4.00062692165
1307,0.0638,0.9781,0.955132849514
1308,0.0717,1.1192,2.34036090225
1309,0.0463,4.5508,1.41750023514
1310,0.2152,1.2708,3.21557794511
1311,0.3782,1.1229,6.69948342443
1312,0.0454,0.9694,1.3579518795
1313,0.1348,1.7413,2.54836102575
1314,0.1794,2.2364,4.07134588063
1315,0.2595,1.2806,4.38704043627
1316,0.1621,2.2888,3.53644371033
1317,0.2299,1.2347,3.2206004113
1318,0.1434,3.2729,2.52938488126
1319,0.186,0.9346,3.03630045056
1320,0.1568,1.8605,2.92570124567
1321,0.2313,1.957,4.53793433309
1322,0.159,1.4087,2.90653471649
1323,0.1289,2.1762,1.93512198329
1324,0.1769,3.088,3.43449150026
1325,0.1023,0.9843,2.15992525965
1326,0.0706,3.0042,1.38600002229
1327,0.1638,3.2013,4.13589608669
1328,0.0395,4.3848,0.848196201026
1329,0.1959,1.865,6.12967807055
1330,0.2992,3.544,4.63281734288
1331,0.1718,3.0433,3.70543956757
1332,0.2578,1.5131,5.05455681682
1333,0.1576,1.8893,3.58239340782
1334,0.2826,1.4601,4.77498616278
1335,0.3486,1.1358,5.6752396524
1336,0.28,1.6769,5.50695776939
1337,0.1398,1.117,2.81899476051
1338,0.1983,2.6087,2.74734252691
1339,0.2942,2.0695,5.3208257854
1340,0.1745,1.8732,1.93250721693
1341,0.3376,1.7567,5.13168755174
1342,0.226,1.9482,4.32543300092
1343,0.41,1.1922,6.5994284451
1344,0.1159,3.8397,2.07880197465
1345,0.2661,1.1602,3.23551252484
1346,0.3129,0.8091,4.88267700374
1347,0.39,0.6546,5.95333439112
1348,0.0708,3.559,1.18195457757
1349,0.3236,0.9863,4.94292119145
1350,0.3284,0.9525,6.07816404104
1351,0.2206,1.9577,3.99075964093
1352,0.1217,1.2103,1.98862168193
1353,0.1898,1.0176,3.18708287179
1354,0.0123,3.2825,1.07189338654
1355,0.1588,1.339,2.09649848193
1356,0.1212,1.9139,2.35713011771
1357,0.2783,1.2194,5.36084240675
1358,0.2086,1.3492,3.55279941857
1359,0.1375,1.2057,2.93364343047
1360,0.3431,2.8047,5.50879761577
1361,0.2858,0.6696,3.78387632966
1362,0.2257,0.8354,3.47584292293
1363,0.1734,1.855,3.07642249763
1364,0.1338,2.1669,2.68974773586
1365,0.1041,3.4429,2.81798629463
1366,0.2002,2.064,3.48810660839
1367,0.3059,1.4533,6.40931135416
1368,0.0149,1.7593,0.668665695935
1369,0.3814,1.537,6.60455161333
1370,0.1073,3.2458,2.13581810892
1371,0.1696,1.5609,3.60619968176
1372,0.257,1.9608,5.14179682732
1373,0.2791,2.3267,4.48263092339
1374,0.2295,1.9212,4.25745153427
1375,0.1127,1.8821,1.72745319456
1376,0.4,0.3744,4.37132759392
1377,0.1633,2.5349,2.74814033508
1378,0.056,3.9627,0.799792058766
1379,0.3718,1.9998,1.81905283034
1380,0.3654,1.7836,6.00965201855
1381,0.1604,3.4146,2.82827565074
1382,0.1037,0.9085,3.03144258261
1383,0.2783,0.9846,3.26971580088
1384,0.2052,1.8362,4.58139376342
1385,0.1126,3.3342,2.08681961894
1386,0.0334,1.3415,1.81847854704
1387,0.2173,1.5616,4.76370537281
1388,0.1731,3.1329,4.01690776646
1389,0.2809,1.7493,4.28667287529
1390,0.1956,1.2865,3.27602696419
1391,0.2287,2.5801,4.58319847286
1392,0.1951,1.6626,3.07533325255
1393,0.0851,2.322,3.05877944827
1394,0.1733,2.5349,3.8711874187
1395,0.0673,3.2094,1.50171934068
1396,0.1234,1.4291,3.12180495262
1397,0.3659,0.8688,6.41802302003
1398,0.3068,1.5464,6.21533939242
1399,0.1012,3.8901,2.02527301759
1400,0.3094,1.4044,4.39535927773
1401,0.1699,3.4684,3.3725644201
1402,0.0345,3.4264,1.00419316813
1403,0.2051,2.2236,3.7111659795
1404,0.1154,0.9501,3.50886823237
1405,0.1944,2.8963,3.36336509883
1406,0.232,1.0015,3.25626972318
1407,0.2855,1.0688,3.79846119881
1408,0.359,0.6341,5.79604628682
1409,0.1935,2.3141,3.17193190753
1410,0.0209,0.962,1.24533851445
1411,0.4134,1.4637,6.03458502889
1412,0.3358,1.8958,5.18533706665
1413,0.2788,2.9852,4.85081212223
1414,0.0677,3.8474,1.31386195496
1415,0.2456,3.4881,4.25019158423
1416,0.0845,1.0536,2.550104931
1417,0.2574,1.992,2.85880070925
1418,0.1025,3.0526,1.94192346185
1419,0.1206,4.2378,1.77447021753
1420,0.3075,2.1483,5.62467500567
1421,0.0228,4.0616,0.763388372958
1422,0.1504,3.2769,2.50171905756
1423,0.3254,1.6705,6.6150071919
1424,0.2342,2.1604,4.39881981909
1425,0.4,1.2283,5.61143800616
1426,0.3465,1.0908,4.72222779691
1427,0.3244,0.3529,5.00078506768
1428,0.2755,1.7319,3.84472766519
1429,0.0772,3.3824,1.07976103574
1430,0.2627,1.4047,4.48358431458
1431,0.3196,0.3658,4.96532434225
1432,0.1947,1.5432,3.25781080127
1433,0.1726,2.0321,3.83997038007
1434,0.2388,1.3487,4.97752892971
1435,0.201,2.7253,3.74476771057
1436,0.0229,3.5488,0.867523640394
1437,0.2538,2.8902,5.20718103647
1438,0.2808,3.5367,4.44018684328
1439,0.1419,2.5227,2.73145966232
1440,0.3263,1.0454,4.8112180531
1441,0.2575,2.2693,4.81793257594
1442,0.3857,1.5212,5.74106568098
1443,0.2601,1.7043,4.23861420155
1444,0.2291,3.2552,3.76323367655
1445,0.3018,1.3247,5.58415496349
1446,0.1042,3.0863,2.05876897275
1447,0.255,2.0661,3.76326666772
1448,0.0476,4.1773,0.682863950729
1449,0.1156,1.1822,2.53729397804
1450,0.0468,2.0493,1.9163929224
1451,0.1443,1.4396,3.09170515835
1452,0.1103,3.9738,1.57220373303
1453,0.2202,2.718,3.86617535353
1454,0.3793,0.662,5.30298429728
1455,0.2448,2.2389,4.18154041469
1456,0.3048,0.6708,3.86583691835
1457,0.3292,1.3108,4.57671290636
1458,0.0325,2.9911,1.39080003276
1459,0.1298,3.0475,2.68133924901
1460,0.1611,2.9083,5.27220025659
1461,0.399,2.1888,7.06236752868
1462,0.0312,1.2515,1.40054128692
1463,0.1833,1.3345,3.85434728861
1464,0.0689,3.2748,1.18821906671
1465,0.1094,1.5834,2.16909216344
1466,0.2336,1.2793,3.82689464092
1467,0.1808,1.6844,3.23409333825
1468,0.1789,2.7029,3.27833288908
1469,0.2306,1.8627,3.70346274972
1470,0.1343,1.1221,2.69033147395
1471,0.2221,2.6968,4.14122202992
1472,0.1893,1.519,3.2209777385
1473,0.0838,3.4463,1.85262908787
1474,0.0945,3.9147,1.76052117348
1475,0.0841,1.0585,1.78878159076
1476,0.1138,1.5616,2.57511109859
1477,0.1422,3.1065,2.50814726204
1478,0.1259,3.2082,2.54433686286
1479,0.1034,2.5738,2.40875225514
1480,0.1675,0.8515,3.04772385955
1481,0.0749,2.6172,2.77798818052
1482,0.0035,3.0656,0.781168572605
1483,0.2267,2.8211,4.0004388988
1484,0.2216,2.7064,3.73993372917
1485,0.1407,3.0664,3.19862826169
1486,0.3428,0.4986,3.9762558192
1487,0.4501,0.3187,4.70559325814
1488,0.2362,1.6576,3.81721897423
1489,0.1613,2.5385,2.84473565221
1490,0.0347,0.9548,1.02915842831
1491,0.2063,1.9792,4.08870591223
1492,0.1854,2.884,3.22542950511
1493,0.2634,1.1712,4.71270185709
1494,0.0603,0.9605,1.67007664591
1495,0.1386,3.2908,2.43259529769
1496,0.1559,1.1604,3.8121585995
1497,0.354,1.1742,6.44295045733
1498,0.0693,4.1114,1.86055549234
1499,0.2282,3.9921,3.86463181674
1500,0.0948,4.0841,1.95997020602
1501,0.1972,1.7816,3.23808851838
1502,0.4323,1.7836,5.95343342423
1503,0.1879,0.9129,2.60471291095
1504,0.0521,2.8933,0.511831175536
1505,0.0998,1.0412,1.77225786448
1506,0.3898,2.1147,5.4950850904
1507,0.0459,4.1374,0.936895035207
1508,0.1383,4.2158,2.72789682448
1509,0.1819,1.4507,2.90114551783
1510,0.0569,4.2993,1.09627899528
1511,0.1445,1.4996,3.10519069433
1512,0.0981,3.2091,1.9381415695
1513,0.1982,2.6469,3.48589603603
1514,0.3025,0.347,3.86255885661
1515,0.0978,2.9509,2.08951669186
1516,0.0968,2.0388,1.77492622286
1517,0.1838,1.3655,3.90365409851
1518,0.0513,4.1462,0.916731745005
1519,0.0538,4.0766,0.94658536464
1520,0.1252,1.2575,2.9959307611
1521,0.1666,4.0219,3.10830898583
1522,0.1019,3.7988,1.79641520232
1523,0.1389,2.2651,2.81332118809
1524,0.2965,1.6707,5.31445375085
1525,0.0804,3.4935,1.18479660153
1526,0.3376,0.6162,5.195497334
1527,0.084,2.9567,3.13389357924
1528,0.379,1.0618,4.42931990325
1529,0.0156,1.3385,1.86689627916
1530,0.2614,2.096,4.4093939662
1531,0.1149,2.1834,2.38889594376
1532,0.197,1.4613,3.53173460066
1533,0.1307,1.8549,2.88266175985
1534,0.2632,0.9706,4.37486672401
1535,0.1339,2.0357,3.93219158053
1536,0.3431,1.5373,5.08066347241
1537,0.2738,1.647,3.75438483059
1538,0.171,1.436,2.46298656613
1539,0.4109,1.2482,6.02071931958
1540,0.3209,1.8328,4.2610706836
1541,0.1604,0.7628,3.71402698755
1542,0.3753,0.0086,4.97234348953
1543,0.1386,1.5948,1.99058934301
1544,0.2142,3.0933,3.49709229171
1545,0.2473,2.7655,4.26359815896
1546,0.1057,2.1769,2.61681176722
1547,0.1833,1.7738,4.17999869585
1548,0.2796,0.927,4.71258857846
1549,0.3375,0.8864,4.33143143356
1550,0.3621,1.5353,6.51342213154
1551,0.3958,1.2782,6.43589544296
1552,0.2409,2.0982,4.92188549042
1553,0.2887,1.2344,4.31195989251
1554,0.3625,1.3561,5.38331729174
1555,0.2768,1.2066,5.19901022315
1556,0.0792,1.311,2.22037332505
1557,0.0918,1.1632,2.8651214093
1558,0.078,2.1916,2.65115217865
1559,0.063,1.3756,2.4455999732
1560,0.0171,2.3818,0.461352556944
1561,0.1518,1.2279,2.90868294239
1562,0.2225,2.1235,4.50868979096
1563,0.1032,2.1435,1.28347180039
1564,0.2179,2.3555,2.97341941297
1565,0.1983,3.7495,2.98827643692
1566,0.397,0.9518,5.73048776388
1567,0.0697,3.7803,1.03206487
1568,0.1829,2.6782,3.71997623146
1569,0.1223,1.7242,1.81984547526
1570,0.3366,0.1829,5.05883379281
1571,0.2074,1.1137,4.61400488019
1572,0.1248,1.9408,1.79577056319
1573,0.1987,2.4129,3.70617258549
1574,0.075,2.7233,3.10084833205
1575,0.0922,2.1732,2.78180833161
1576,0.2943,1.5685,4.9153483361
1577,0.1902,2.9552,3.13844296336
1578,0.2003,2.3768,3.83436144888
1579,0.1699,1.3861,3.91160179675
1580,0.2282,2.0526,3.95469257236
1581,0.1416,1.9734,2.46839144826
1582,0.22,0.5536,5.3400695622
1583,0.2914,1.1863,4.61377979815
1584,0.1266,1.1565,1.79879515618
1585,0.1141,3.5007,1.99097710848
1586,0.3733,1.4386,5.63855624199
1587,0.0828,3.5728,1.75033784658
1588,0.3907,1.0602,7.95516675711
1589,0.0914,1.5002,2.70881403983
1590,0.2803,2.0519,5.84578531981
1591,0.1949,1.2214,3.58938957751
1592,0.1164,1.0534,2.52500868589
1593,0.0741,2.8168,0.783004827797
1594,0.1332,3.2663,3.08338153362
1595,0.1445,1.904,3.72714181244
1596,0.2637,1.7347,4.83661177754
1597,0.0559,1.5048,2.46102066338
1598,0.3614,0.6571,5.9429795444
1599,0.1895,2.6632,4.61655081809
1600,0.1436,1.1529,2.09616398811
1601,0.1663,1.1371,2.84543643892
1602,0.2275,2.5166,4.17623306811
1603,0.2162,1.6984,4.01250743866
1604,0.2241,2.0398,3.02331480384
1605,0.2299,0.7962,2.69599464536
1606,0.1748,1.3073,3.27600537241
1607,0.2002,1.8512,4.10812731087
1608,0.2927,0.9887,5.39275535941
1609,0.1136,3.5717,3.25100509822
1610,0.1049,3.4606,2.06582942605
1611,0.2334,2.5579,4.55748204887
1612,0.3252,1.5105,6.54090735316
1613,0.1798,1.2706,2.81183372438
1614,0.1015,3.2051,1.68765188009
1615,0.1009,3.1894,2.10388899595
1616,0.14,1.5483,2.01527090371
1617,0.0439,0.974,1.00205308199
1618,0.0234,2.4217,0.519821032882
1619,0.2744,2.355,6.60299089551
1620,0.1196,1.7282,2.88738800585
1621,0.175,1.335,3.73484352231
1622,0.3794,1.1479,6.49462985992
1623,0.3077,1.1781,3.75741836429
1624,0.0668,1.0074,2.00056336075
1625,0.2042,2.8305,3.07622867823
1626,0.2315,1.8864,4.18514935672
1627,0.2661,1.3346,4.64604477584
1628,0.1472,1.4626,3.03005282581
1629,0.2067,2.0873,3.76934225857
1630,0.4535,0.678,6.41712364554
1631,0.2065,2.8048,3.34837967157
1632,0.1288,1.3817,1.44463788718
1633,0.1336,1.426,2.99885027111
1634,0.2327,0.9877,4.16639228165
1635,0.2103,1.5873,4.04747115076
1636,0.1461,2.3498,2.63799922168
1637,0.2544,0.4889,4.64870648086
1638,0.2974,0.9376,5.4600956738
1639,0.1861,1.3933,2.24458096176
1640,0.1314,2.0763,2.60914771259
1641,0.2222,2.8419,4.42743390799
1642,0.054,0.9538,1.17304168642
1643,0.1561,2.1993,2.76125343144
1644,0.1053,3.2621,2.02611226588
1645,0.3551,1.962,5.98791077733
1646,0.1784,1.7542,3.06847940385
1647,0.2939,3.2804,4.41305892169
1648,0.0007,1.3406,1.27802126855
1649,0.2025,3.2134,4.05507881939
1650,0.2437,3.0406,4.4714243561
1651,0.1332,2.0346,2.73095564544
1652,0.098,3.1669,2.65979675949
1653,0.2144,2.5703,3.78025612235
1654,0.0682,3.4672,1.39151829481
1655,0.2634,1.764,3.91846258938
1656,0.0785,2.6176,1.51313007623
1657,0.1869,0.9838,3.93100316823
1658,0.2243,0.9228,4.80303291976
1659,0.1669,2.5291,2.97587260604
1660,0.2686,2.2763,4.30682514608
1661,0.2331,1.444,4.52670514584
1662,0.1894,2.6299,3.68371987343
1663,0.175,1.5454,3.75532266498
1664,0.08,4.9837,2.02795168757
1665,0.04,2.994,1.20092407241
1666,0.2441,0.922,4.55435970426
1667,0.105,1.1324,1.47668385506
1668,0.1451,1.3586,3.10040768981
1669,0.1854,2.3938,4.51396121085
1670,0.1617,1.7828,3.86770270765
1671,0.2892,1.7255,5.03805443645
1672,0.1073,3.5584,1.96830402315
1673,0.0663,3.673,1.16081673652
1674,0.0593,3.7024,1.50133007765
1675,0.0317,0.9824,1.03620117903
1676,0.2787,2.6478,4.15609836578
1677,0.1215,2.6582,3.41802066565
1678,0.1849,1.9586,3.57831248641
1679,0.0628,1.0008,0.858433924615
1680,0.4094,1.3075,6.15373462439
1681,0.0959,1.0096,2.32493520528
1682,0.0793,2.8344,1.65807747096
1683,0.2754,1.5473,4.36528743804
1684,0.3035,1.8352,6.13690802455
1685,0.1279,3.5134,2.42757049203
1686,0.2921,1.0218,3.93518956006
1687,0.1284,1.8588,2.62862998247
1688,0.1202,1.2184,2.14526256919
1689,0.377,0.3953,5.01217857003
1690,0.2199,1.4614,4.01136125624
1691,0.0875,3.5851,2.84591160715
1692,0.2485,0.6954,3.15401244164
1693,0.167,2.9888,2.79622487724
1694,0.1117,3.4833,2.89499777555
1695,0.2902,1.6204,4.57475243509
1696,0.145,0.9141,3.18664947152
1697,0.0502,2.4487,2.07967250049
1698,0.0516,0.9363,1.49723511934
1699,0.2471,1.6494,4.74643431604
1700,0.0664,3.49,1.17616926134
1701,0.3351,1.5055,5.78287664056
1702,0.0441,2.6979,0.492216182873
1703,0.1278,3.522,2.24507427961
1704,0.0492,3.9737,1.04355498776
1705,0.0504,3.7245,0.921110935509
1706,0.2303,2.8447,4.16875089705
1707,0.1052,3.4758,1.95181149989
1708,0.0167,1.7188,0.631846338511
1709,0.1679,2.9494,3.50564053655
1710,0.1205,2.0043,2.75469687581
1711,0.1565,2.3772,2.56106322259
1712,0.1718,1.2929,3.97203581035
1713,0.2332,2.3356,3.72544136643
1714,0.4259,2.457,6.27904590964
1715,0.2761,2.3553,3.26052029431
1716,0.3976,1.5434,5.04232259095
1717,0.2022,1.7178,5.40078833699
1718,0.1297,2.6232,4.81904099882
1719,0.1583,1.9692,2.7591971457
1720,0.1722,3.1032,2.43172310293
1721,0.1491,1.9254,5.05851237476
1722,0.2897,1.3762,5.07818362117
1723,0.2772,2.1178,5.71046420932
1724,0.0719,1.8653,1.95006075501
1725,0.1396,1.4059,2.31549726427
1726,0.1115,2.8399,2.07624774426
1727,0.2323,3.7366,4.16948235035
1728,0.0952,4.003,2.01903713495
1729,0.0367,4.5109,0.839829929173
1730,0.256,1.0982,2.44576883316
1731,0.0293,1.1983,2.19410753995
1732,0.2057,2.8925,3.54962100089
1733,0.2561,2.4819,4.72671785951
1734,0.109,3.2181,2.07186985016
1735,0.1109,1.5573,2.11137099564
1736,0.0366,3.1679,1.0849468708
1737,0.144,2.1728,3.22184041142
1738,0.053,1.7528,3.13736063242
1739,0.1726,2.2191,4.25750403106
1740,0.2226,2.5809,4.37867933512
1741,0.2976,0.8995,6.21108734608
1742,0.3051,1.3917,5.96464759111
1743,0.2518,0.7643,3.81710982323
1744,0.3538,1.6873,5.66708260775
1745,0.1798,2.4236,3.26556402445
1746,0.2064,1.4301,3.31628204882
1747,0.262,1.5641,4.93840290606
1748,0.132,1.7766,1.99456534535
1749,0.2103,0.9067,3.58011417091
1750,0.2102,1.1094,3.66385002434
1751,0.2456,2.6644,3.57322174311
1752,0.0554,4.0745,0.863078955561
1753,0.2567,1.7134,5.13110145926
1754,0.097,2.3528,1.5481133312
1755,0.1489,1.2047,3.31481917202
1756,0.1347,3.4866,2.64732311666
1757,0.0618,0.9689,0.742866247892
1758,0.1926,0.6486,3.37677250803
1759,0.2873,1.2056,5.29152485728
1760,0.0589,2.3195,1.46589702368
1761,0.1003,2.1017,2.30634988844
1762,0.1203,2.2007,3.12132903934
1763,0.0622,3.5276,1.30191135406
1764,0.2016,2.7689,4.06081871688
1765,0.17,1.2822,3.66700839996
1766,0.28,0.8459,4.53542663157
1767,0.3187,0.6802,6.72940135002
1768,0.2741,0.7418,5.79224476218
1769,0.0413,2.6021,0.691404551268
1770,0.3391,1.5383,5.62062624097
1771,0.071,3.4187,1.17903477699
1772,0.2341,2.4366,3.75031219423
1773,0.2506,1.1885,4.78079526126
1774,0.1178,1.8197,2.06065065414
1775,0.1841,2.6323,3.54644885659
1776,0.224,1.8113,4.45274272561
1777,0.3809,2.3521,5.65059113503
1778,0.2203,1.7998,3.47868917882
1779,0.1091,3.1609,1.96046860516
1780,0.1075,3.1532,1.80553494394
1781,0.3184,2.4325,4.12979181111
1782,0.1958,3.7939,4.57614010572
1783,0.0655,3.7204,1.14380140603
1784,0.2363,1.9785,4.83513809741
1785,0.0668,3.2915,1.23922648281
1786,0.3437,1.817,5.26618012786
1787,0.3996,1.6712,6.84570804238
1788,0.1251,0.8648,2.84493668377
1789,0.3761,1.1251,5.24969425797
1790,0.0951,4.1075,1.70595175028
1791,0.2022,2.7804,3.64034450054
1792,0.1201,1.9132,3.10480575264
1793,0.3487,0.9185,4.35596030951
1794,0.1365,0.8761,3.55766190588
1795,0.1439,1.6164,2.28177757561
1796,0.1453,0.9518,3.58089962602
1797,0.0774,3.2055,1.15117425472
1798,0.0866,4.53,2.04930990934
1799,0.1912,1.7838,3.69395600259
1800,0.0654,3.7026,1.30737636983
1801,0.0542,0.9876,0.954436525702
1802,0.1733,3.2378,3.55317130685
1803,0.2406,2.7835,4.11910966039
1804,0.3247,1.0618,5.05813062191
1805,0.1428,3.2443,3.20763720572
1806,0.1956,1.0088,4.37337639928
1807,0.0924,4.1088,1.70626808703
1808,0.0505,0.953,1.53405933827
1809,0.1321,1.699,0.67106898129
1810,0.0592,3.7727,1.28462968767
1811,0.2033,3.7411,4.38730122149
1812,0.1635,3.3411,2.72228385508
1813,0.367,1.4577,5.91098278761
1814,0.2674,2.1706,3.88453792036
1815,0.1125,0.875,2.46308045089
1816,0.1882,1.796,3.98326134682
1817,0.1712,2.651,3.187881127
1818,0.1432,1.4149,2.14749176055
1819,0.1496,3.3346,3.86236289144
1820,0.262,1.3577,3.56078407168
1821,0.1893,3.1621,4.22597648203
1822,0.0294,4.8946,0.874487545341
1823,0.0579,3.7032,1.12412988022
1824,0.2741,2.4442,4.80950722098
1825,0.094,3.4391,2.06079989672
1826,0.0408,4.4323,1.12101704255
1827,0.1475,1.2065,2.52255947888
1828,0.211,2.2321,3.8253505975
1829,0.335,1.5102,5.9766369164
1830,0.1996,2.5708,3.53951993585
1831,0.1549,2.306,3.40177185833
1832,0.3379,0.7999,5.46505257487
1833,0.1686,1.5826,3.08677689731
1834,0.2065,2.7415,2.07461549342
1835,0.0917,4.0373,1.64774411917
1836,0.0896,3.1987,1.92400983721
1837,0.2744,1.9427,6.0023355186
1838,0.1898,2.6446,2.99371668696
1839,0.2514,2.9784,4.62208271027
1840,0.0434,2.5907,3.38711920381
1841,0.1335,1.2305,2.23616705835
1842,0.3576,0.3834,6.59350833297
1843,0.1625,1.201,2.71464197338
1844,0.3796,0.8778,5.85752028227
1845,0.2517,1.9433,5.10806909204
1846,0.0799,1.1465,1.94999258965
1847,0.1669,1.8572,3.93360540271
1848,0.1208,2.4577,2.26109479368
1849,0.0444,1.2108,1.85787413269
1850,0.216,2.8968,3.81835289299
1851,0.1708,2.4287,2.90848635137
1852,0.1861,0.7401,3.47250440717
1853,0.2415,2.3631,4.81850725412
1854,0.1387,1.8257,2.9261572361
1855,0.1767,3.1875,3.19189555943
1856,0.1935,1.8063,3.79830352962
1857,0.0995,4.3239,1.66687247902
1858,0.187,1.4915,2.43537082523
1859,0.1538,2.6667,3.12872759998
1860,0.0502,4.0502,1.42685511708
1861,0.2249,1.3424,4.37564508617
1862,0.4183,1.872,5.54109871387
1863,0.2245,1.4089,4.52858033776
1864,0.1632,3.4006,3.03165100515
1865,0.2173,2.8658,3.76583781838
1866,0.1206,3.792,2.17259739339
1867,0.1181,1.6023,2.34290104359
1868,0.1485,2.014,2.14930555224
1869,0.1439,3.4281,3.29805018008
1870,0.1762,1.8523,3.35396422446
1871,0.0843,2.9803,1.97345993668
1872,0.1364,2.6141,2.75232543051
1873,0.1176,1.2519,3.72260628641
1874,0.2893,2.9493,4.98088747263
1875,0.286,1.1209,3.71796217561
1876,0.2771,1.2431,5.24810022116
1877,0.4257,1.4009,6.8892698288
1878,0.2592,1.9579,4.29913543165
1879,0.3782,0.7963,5.09540070593
1880,0.2612,2.0278,4.74678747356
1881,0.3073,2.0187,4.87468540668
1882,0.4197,1.3007,6.48480993509
1883,0.0162,1.6187,1.12525470555
1884,0.1912,2.7613,3.61126121879
1885,0.0882,0.9729,1.66385171562
1886,0.2606,0.9288,4.12867610157
1887,0.1258,1.2399,2.62104049325
1888,0.1254,1.4913,3.27832448483
1889,0.13,1.1275,2.38638754934
1890,0.3117,2.3555,6.19272321463
1891,0.1641,2.5916,2.93764019012
1892,0.1483,3.5688,2.61757360399
1893,0.3612,1.6942,6.15014910698
1894,0.1877,1.9775,3.30003350973
1895,0.1113,1.1465,2.31609691679
1896,0.1173,3.7216,2.81368643045
1897,0.0066,2.4501,0.709954686463
1898,0.2983,1.0943,5.29366749525
1899,0.1776,2.1641,2.29854049534
1900,0.0609,3.8742,0.946811154485
1901,0.2592,1.2751,4.34439826012
1902,0.0139,1.8213,1.2647931315
1903,0.1685,1.7993,3.17083434761
1904,0.2083,2.2695,3.70400500298
1905,0.2581,2.2951,4.43892787397
1906,0.0254,4.4587,0.393621705472
1907,0.2156,1.0662,4.42557631433
1908,0.0737,2.9957,1.2794923
1909,0.2097,2.6977,3.95202730596
1910,0.2264,2.5295,3.2668710351
1911,0.2392,1.9526,5.00820815563
1912,0.1154,0.9503,2.22533977777
1913,0.2936,2.2891,3.92909519374
1914,0.1827,3.006,3.45321281254
1915,0.2248,2.683,4.02110749483
1916,0.1872,2.707,3.75435511768
1917,0.2014,1.8082,4.39063619077
1918,0.0274,4.8849,1.27801831439
1919,0.2116,2.5202,3.6794539392
1920,0.11,3.4765,1.98591688275
1921,0.3441,1.4163,2.87842410803
1922,0.0475,2.134,0.973391830921
1923,0.1041,2.1723,2.21092056483
1924,0.1535,1.9159,3.59106618166
1925,0.3785,0.8826,5.75131168962
1926,0.2108,1.4768,3.69041192532
1927,0.2644,2.149,4.35405701399
1928,0.4404,0.6784,6.75364169478
1929,0.036,3.5796,0.964442282915
1930,0.0729,3.7703,1.79647544026
1931,0.3551,2.2398,6.05422240496
1932,0.2199,2.6423,4.1666239053
1933,0.1422,3.2883,4.05038766563
1934,0.3556,2.3236,5.77449518442
1935,0.1395,1.8893,3.11678485572
1936,0.4808,0.7638,6.01532879472
1937,0.0915,4.3484,1.71775823832
1938,0.3493,1.1758,5.53140297532
1939,0.2024,1.9202,2.56519441307
1940,0.2138,1.6391,3.86703199148
1941,0.2026,1.5539,3.66287006438
1942,0.0456,4.0046,1.25831734389
1943,0.3633,1.0539,5.16728231311
1944,0.0,1.9959,-0.224299639463
1945,0.2087,1.2207,3.57709121704
1946,0.2022,2.1454,3.5844053179
1947,0.1274,1.4621,2.30398279428
1948,0.3905,1.095,5.66506797075
1949,0.1349,1.2064,3.08329381049
1950,0.0586,2.1984,1.17637442052
1951,0.2438,1.9329,5.07363575697
1952,0.1723,2.1461,2.5411817804
1953,0.1864,0.848,2.53662072867
1954,0.0844,2.438,2.80635717511
1955,0.3059,2.0197,5.31024825573
1956,0.1066,3.7308,1.81472236663
1957,0.151,1.7653,2.94312910736
1958,0.324,1.6883,5.47475582361
1959,0.2315,2.0527,4.23742777109
1960,0.3742,1.1132,6.56420680881
1961,0.143,3.7472,3.11282388866
1962,0.1342,2.3091,1.1880091466
1963,0.0219,0.9466,0.949871622026
1964,0.235,2.8609,4.22685484588
1965,0.3701,1.1168,5.82959130406
1966,0.0856,1.4631,2.45660471171
1967,0.0198,1.5097,0.135760441422
1968,0.001,2.1224,0.327897071838
1969,0.2547,2.1936,4.10466726124
1970,0.0393,4.2051,0.890654414892
1971,0.0426,4.2449,0.874701231718
1972,0.2316,1.1441,4.25584952533
1973,0.0893,2.1901,2.89512063563
1974,0.1503,2.2665,2.95676001906
1975,0.182,2.5762,3.95973803103
1976,0.164,2.1283,2.90339007974
1977,0.2203,2.3626,4.01206919551
1978,0.0406,4.2602,0.966312345117
1979,0.2079,2.1632,3.60203678906
1980,0.0614,2.4501,2.49534229934
1981,0.285,1.0948,5.61697286367
1982,0.0294,4.8783,0.75584981218
1983,0.2231,3.2816,4.09124527872
1984,0.6572,0.4819,4.58811160922
1985,0.1536,1.7037,2.33166453242
1986,0.1745,2.9289,2.8942540139
1987,0.2809,0.9872,5.45335996151
1988,0.0709,3.1804,1.1071614027
1989,0.1571,3.5298,2.99265991151
1990,0.2331,1.8261,4.11399650574
1991,0.2617,1.8352,4.79846683145
1992,0.0343,3.4308,1.05321331322
1993,0.3383,2.1622,5.56065547466
1994,0.1739,2.0889,3.15074214339
1995,0.2329,3.5771,2.41315694153
1996,0.2455,2.8296,4.15010917187
1997,0.0784,2.981,1.21971772239
1998,0.3497,1.2265,4.5207054764
1999,0.1875,2.5623,3.71516743302
2000,0.0306,1.6459,0.84668584168
2001,0.2475,1.4258,4.3338625133
2002,0.1175,2.3593,2.75308851898
2003,0.2423,0.6946,4.53856496513
2004,0.2651,2.6715,3.98025646806
2005,0.1287,3.7837,2.19219901413
2006,0.0379,2.9921,1.01832903177
2007,0.0193,2.8478,0.616955325007
2008,0.1859,2.3283,3.57547430694
2009,0.232,1.9868,4.03933408856
2010,0.3476,1.543,6.20818018913
2011,0.2826,0.4789,4.27016730607
2012,0.1341,0.8386,3.10802510381
2013,0.2243,1.4441,2.9275200218
2014,0.2659,1.054,3.47929629683
2015,0.1492,2.1971,5.4295771718
2016,0.2499,1.8053,4.28733345866
2017,0.3638,1.0043,5.99301657081
2018,0.118,1.0414,2.22322079539
2019,0.1413,1.6924,2.75588724017
2020,0.1435,3.2116,2.81164126098
2021,0.1609,2.1187,2.90677341819
2022,0.3512,1.0602,5.39106675982
2023,0.195,0.8791,2.79028736055
2024,0.3203,1.0121,5.95399883389
2025,0.1661,1.2821,2.92774778605
2026,0.1415,1.8135,2.99823066592
2027,0.1415,3.2125,2.62446526438
2028,0.215,2.4369,3.86837872863
2029,0.015,5.245,0.749553404748
2030,0.2646,1.9311,4.92441900074
2031,0.0623,3.4873,1.58485577255
2032,0.4235,1.8847,6.45529028773
2033,0.2633,1.8108,5.0924154669
2034,0.0524,0.9278,1.37541032583
2035,0.0698,2.3056,1.28405328467
2036,0.1262,1.0298,2.93486166
2037,0.2567,2.8087,4.21560013294
2038,0.1416,1.6845,2.836110726
2039,0.0667,3.8663,1.10348828137
2040,0.1632,1.5607,3.24761424959
2041,0.141,3.5564,2.47222201526
2042,0.0647,3.4654,1.24192940444
2043,0.2046,3.3898,3.8333863914
2044,0.1302,1.3435,2.52961957455
2045,0.0748,3.0922,2.67031294107
2046,0.2221,3.2995,3.98482993245
2047,0.0614,0.9608,0.968944735825
2048,0.2186,1.0021,3.25745214522
2049,0.1402,1.5637,2.5811291039
2050,0.231,2.605,3.62333141267
2051,0.2859,2.7152,3.89703768492
2052,0.1137,1.4124,2.12563297898
2053,0.0947,3.4906,1.72497478873
2054,0.128,3.1806,3.87432792783
2055,0.2099,1.6412,5.93476098776
2056,0.0698,3.3996,1.26324917749
2057,0.2916,1.4927,3.95113046467
2058,0.2019,2.4714,3.94799986482
2059,0.1069,3.0197,2.03839178383
2060,0.106,3.4572,2.19335441291
2061,0.1793,2.3806,2.87973833084
2062,0.2545,0.7956,5.2240806222
2063,0.3126,0.5771,5.44548207521
2064,0.1364,1.2858,2.98116269708
2065,0.325,1.2991,5.99339464307
2066,0.0619,1.2208,2.12152563035
2067,0.1134,2.5279,2.82743759453
2068,0.3967,1.8202,6.62325516343
2069,0.3794,0.8171,5.39354705811
2070,0.2245,2.2478,4.78598703444
2071,0.1057,3.1766,1.84876263142
2072,0.0705,3.2337,0.783980101347
2073,0.3037,0.2834,4.61824524403
2074,0.234,2.0953,5.13170856237
2075,0.3038,1.532,4.44653016329
2076,0.2006,2.5673,3.00835317373
2077,0.0508,1.2127,2.34218319505
2078,0.0259,4.8328,0.819202307612
2079,0.1762,1.4528,2.53028847277
2080,0.2211,2.0867,4.19346396625
2081,0.2407,2.1069,4.51603379846
2082,0.0359,3.1396,1.39351396263
2083,0.1052,2.175,2.79150928557
2084,0.1459,2.095,3.95839299262
2085,0.0114,0.9326,0.938635554165
2086,0.2634,1.0477,4.69361388683
2087,0.2417,2.3806,4.54746907949
2088,0.3965,0.6252,4.80363565683
2089,0.2562,0.827,2.5640546307
2090,0.1464,2.8037,2.67144490778
2091,0.1483,0.8497,4.5784457773
2092,0.1764,2.0625,2.59841290861
2093,0.159,0.7291,3.16230621934
2094,0.1492,3.5875,2.77897804976
2095,0.1642,3.4503,4.29388202727
2096,0.2949,2.067,4.59400913119
2097,0.0715,3.2734,1.13660723716
2098,0.3028,0.2593,4.54441078007
2099,0.3013,1.1163,4.91486015916
2100,0.0712,3.3825,1.09834633768
2101,0.294,2.0789,4.81665150821
2102,0.1928,3.516,3.04939968884
2103,0.0773,4.9354,1.99696245044
2104,0.2554,2.5427,3.92152577639
2105,0.245,0.4544,5.52716264129
2106,0.1063,3.3068,2.0195562318
2107,0.0687,3.2039,1.51824752241
2108,0.1957,0.5789,4.0544693917
2109,0.4506,1.6039,5.68650695682
2110,0.1962,2.5345,3.82385095954
2111,0.2871,1.3068,5.25991126895
2112,0.4006,1.1681,6.41348180175
2113,0.0926,3.001,1.91254405677
2114,0.3285,1.9343,4.51441565156
2115,0.3637,3.3453,4.57689009607
2116,0.2345,2.0633,3.69937509298
2117,0.0928,1.7496,2.24922417104
2118,0.2731,1.8124,4.42965193093
2119,0.141,1.3122,2.44722783566
2120,0.1167,1.041,1.93563871086
2121,0.0404,4.0305,1.05587221682
2122,0.015,5.2445,0.93558864668
2123,0.1778,3.0743,3.23805657029
2124,0.2242,2.3895,3.344446823
2125,0.068,0.9611,1.90320319682
2126,0.2197,1.8426,3.36470715702
2127,0.2788,2.0221,4.65086720884
2128,0.1934,2.6435,3.28000023961
2129,0.2326,2.3111,4.51075355709
2130,0.0393,2.9245,0.489401325583
2131,0.298,0.4402,4.9606731534
2132,0.2686,3.0874,5.73181754351
2133,0.1594,2.0645,3.70655371249
2134,0.1133,3.1525,2.9541927129
2135,0.1693,1.7786,2.86193440855
2136,0.3836,0.8609,5.68854266405
2137,0.2422,0.904,5.94310441613
2138,0.2291,3.4234,4.15471285582
2139,0.2447,1.6363,5.5679692924
2140,0.2096,2.393,5.58813458681
2141,0.0644,2.555,1.03368001431
2142,0.3429,0.6547,6.02195417881
2143,0.2648,1.031,4.38191844523
2144,0.132,1.7767,2.01267050952
2145,0.1113,4.375,1.45538597554
2146,0.3012,0.8748,5.66876861453
2147,0.0737,2.9979,1.51000757515
2148,0.0957,1.0877,1.16207461804
2149,0.2635,2.7273,4.17042382061
2150,0.0245,1.2833,1.76964817941
2151,0.1008,3.5273,1.9030701369
2152,0.1801,2.5795,3.25417751074
2153,0.2043,0.589,5.24256041646
2154,0.0951,3.6343,1.89206887782
2155,0.2896,1.4265,2.90719623864
2156,0.0693,3.2922,1.45409961045
2157,0.2554,2.5472,3.99657617509
2158,0.236,1.885,4.44070003927
2159,0.2072,0.4703,5.59166368842
2160,0.2246,1.8379,4.1884521395
2161,0.1285,1.2138,2.10071748495
2162,0.157,3.4119,4.26095549762
2163,0.0209,1.7266,0.643647987396
2164,0.0063,2.3862,0.722012363374
2165,0.1255,1.9918,2.57858452946
2166,0.1668,3.4716,2.61399646103
2167,0.2373,2.3311,4.29466474056
2168,0.3853,1.4513,5.74922302365
2169,0.1724,2.8583,4.63770136237
2170,0.2802,1.7782,3.2375870049
2171,0.3949,1.1384,6.13692042232
2172,0.2669,3.1618,4.88276380301
2173,0.1501,2.0029,2.92687252164
2174,0.2688,2.8816,4.15879155695
2175,0.2309,1.2465,2.34305099398
2176,0.2441,2.1302,4.58931271732
2177,0.1016,1.2253,1.77827913314
2178,0.2435,2.7639,4.07950733602
2179,0.1816,2.5331,2.9175247252
2180,0.3193,1.2738,5.53414130211
2181,0.25,1.9628,4.75014331937
2182,0.1176,1.5819,2.11069300026
2183,0.199,2.6936,3.28194999695
2184,0.0808,2.9534,1.76534112543
2185,0.3565,0.6609,5.49152570963
2186,0.0257,4.8753,0.735422343016
2187,0.1702,1.5072,3.26873187721
2188,0.1098,1.4622,2.88602341712
2189,0.1373,4.3269,2.78527805209
2190,0.1899,1.8471,3.31406772137
2191,0.1759,1.9046,3.79176458716
2192,0.075,3.1998,1.50924166292
2193,0.0895,2.6211,2.66384087503
2194,0.1102,1.6981,2.82554836571
2195,0.1576,0.8566,2.73143229634
2196,0.1125,0.9232,2.44522220641
2197,0.1196,2.907,2.00829610229
2198,0.2642,0.9051,4.07967692614
2199,0.2227,2.0736,3.40801687539
2200,0.2169,2.656,3.7853243947
2201,0.2515,1.9352,4.84723378718
2202,0.3244,1.7881,6.0692717731
2203,0.4474,1.1934,6.70724987984
2204,0.1042,3.4436,1.9688930884
2205,0.017,1.2649,1.9333506003
2206,0.3468,1.6144,5.81684720516
2207,0.3107,0.954,5.56971412897
2208,0.1171,0.9818,2.37285999954
2209,0.412,2.3208,6.17781400681
2210,0.2354,1.8717,3.50106680393
2211,0.3714,0.7115,6.76599386334
2212,0.0558,2.9649,1.37270848826
2213,0.3358,0.7567,5.7017711699
2214,0.3435,0.352,5.06858338416
2215,0.1238,1.1731,1.72448556125
2216,0.2228,1.0719,4.77526497841
2217,0.1897,1.6625,2.71511791646
2218,0.1067,4.0881,1.98578312993
2219,0.3426,2.5349,5.33992618322
2220,0.1791,2.0443,3.69564279914
2221,0.1828,2.6664,3.52206979692
2222,0.1012,4.263,1.23018367961
2223,0.1531,1.5509,2.19819550961
2224,0.1993,1.2931,3.87322779
2225,0.346,0.9305,6.37796512246
2226,0.023,1.5788,1.07709017023
2227,0.0512,2.4337,2.09428762645
2228,0.0952,1.0801,2.00477330387
2229,0.0465,1.3035,1.5453440994
2230,0.2131,2.2697,3.41549608111
2231,0.1013,1.9792,2.66776874661
2232,0.2814,2.2736,4.42953805625
2233,0.1434,3.8698,2.97948661447
2234,0.2171,2.7392,3.63465259969
2235,0.2717,0.929,3.5966321975
2236,0.0573,3.899,0.980752896518
2237,0.1917,3.0381,3.48393392563
2238,0.0685,3.7834,0.984930850565
2239,0.1729,3.3237,3.06485430896
2240,0.2053,2.3705,3.88442456722
2241,0.4231,1.9374,6.92740857601
2242,0.2638,1.5649,5.63965982199
2243,0.297,1.7342,6.08593025804
2244,0.2455,1.8514,5.32378876209
2245,0.1023,2.3509,3.00369942188
2246,0.2747,1.6894,5.92426005006
2247,0.1657,1.2221,3.85351708531
2248,0.0049,2.1927,0.540987201035
2249,0.3493,1.1997,5.54121613503
2250,0.2787,0.857,4.60487534106
2251,0.0332,0.9594,0.775347433984
2252,0.1515,3.6603,3.12908358872
2253,0.2152,2.2016,3.52252210677
2254,0.2161,1.0554,3.68685892224
2255,0.0448,1.0079,1.11357904971
2256,0.019,1.3024,1.49842812121
2257,0.0332,0.9596,0.393194586039
2258,0.1212,1.2015,2.59488310665
2259,0.1531,2.3656,2.71300834417
2260,0.0885,1.6474,0.750497430563
2261,0.2614,0.9079,4.71314440668
2262,0.0415,0.9106,0.921871140599
2263,0.2813,2.0897,4.82155884802
2264,0.0406,0.8978,1.02155673504
2265,0.1386,2.107,2.83987808228
2266,0.3036,1.3064,4.32846085727
2267,0.0029,3.1858,1.95012698323
2268,0.4034,2.5613,6.15448987484
2269,0.3079,1.8742,6.588444978
2270,0.1209,2.1152,2.90558063984
2271,0.0883,3.1227,1.79102803022
2272,0.015,5.2452,0.90620213002
2273,0.4521,1.9285,6.63438495994
2274,0.3162,1.8952,5.28286609054
2275,0.2158,2.6859,4.02537892759
2276,0.3428,3.116,5.30104649067
2277,0.1443,1.2055,2.54206724465
2278,0.092,3.3507,2.09680749476
2279,0.1818,2.8092,3.75076057017
2280,0.1379,2.3657,2.88254073262
2281,0.3546,1.169,5.16480320692
2282,0.2043,1.7817,3.2233825922
2283,0.2324,3.0859,3.88093025982
2284,0.0167,1.2542,2.4671401903
2285,0.1474,1.9315,1.85453681648
2286,0.2113,2.1031,5.43507924676
2287,0.0578,2.0447,1.90828751773
2288,0.0941,2.6898,1.93522115052
2289,0.1426,0.8407,2.90761809051
2290,0.2529,0.6862,4.58216266334
2291,0.085,4.5418,2.04086210579
2292,0.1366,1.3042,2.80302453041
2293,0.1222,2.452,2.03748942912
2294,0.1023,3.0977,1.94603991508
2295,0.2339,1.2919,5.17098519206
2296,0.2261,1.833,5.0363304019
2297,0.0438,2.0726,0.498680733144
2298,0.2003,3.1384,3.12201526761
2299,0.2558,2.5938,3.5814806968
2300,0.1343,1.5739,3.34210060537
2301,0.1982,1.4672,2.63026065379
2302,0.0195,1.3388,1.71883784235
2303,0.0054,1.4012,1.17693208903
2304,0.2218,2.7135,4.81013588607
2305,0.2705,0.3717,3.89815275371
2306,0.2398,1.3779,4.07973632216
2307,0.2286,2.1536,3.24046215415
2308,0.2417,1.1181,4.67570139468
2309,0.0816,1.1579,1.75808978081
2310,0.2098,2.3821,5.20980153978
2311,0.1249,3.5813,2.41302283853
2312,0.1206,4.2386,2.17105785757
2313,0.1033,3.0275,1.98439280689
2314,0.0219,0.9466,0.712487336248
2315,0.0557,4.1787,0.733511522412
2316,0.3707,0.8764,6.0813972652
2317,0.0626,1.0802,1.36242748052
2318,0.1429,2.0003,2.64446929097
2319,0.2844,1.4376,4.30516080558
2320,0.1035,3.0147,2.09736900032
2321,0.357,1.2984,6.07557871938
2322,0.342,1.4398,5.61385288835
2323,0.0727,2.8139,1.53492625058
2324,0.381,0.2573,3.98315939307
2325,0.2011,2.2819,3.99847738445
2326,0.2503,1.2707,4.23898470402
2327,0.3753,1.1214,6.4322039783
2328,0.0892,4.2214,1.72431037575
2329,0.1429,1.9283,3.04363130033
2330,0.3524,0.5146,4.18289543688
2331,0.2706,1.2299,4.70474377275
2332,0.2806,1.1728,4.5857873112
2333,0.3763,0.4969,5.64566630125
2334,0.114,3.3918,1.84051212668
2335,0.2813,1.316,4.88528224826
2336,0.037,3.5385,0.767830461264
2337,0.2719,1.4438,4.93744231761
2338,0.0049,2.1917,0.485610723495
2339,0.3776,1.0588,6.07629108429
2340,0.1713,2.2127,3.47462129593
2341,0.3266,0.4744,2.48020159453
2342,0.1121,2.2154,1.81295055151
2343,0.0877,2.276,2.6509616971
2344,0.1991,2.1556,3.80687993765
2345,0.0592,3.8465,1.23096011207
2346,0.0892,3.8362,1.83100601286
2347,0.1601,1.8064,3.00552633405
2348,0.2989,0.8985,6.54675844312
2349,0.1408,1.1986,2.42984369397
2350,0.2638,1.7633,4.13532964885
2351,0.2394,3.1925,4.00941075385
2352,0.2932,2.2528,3.56109850109
2353,0.0672,4.373,1.48937092721
2354,0.1078,3.7826,1.99968650192
2355,0.101,3.8735,1.63044025749
2356,0.0867,4.1568,2.25277950615
2357,0.2215,3.8321,4.2229257077
2358,0.1854,3.0964,3.57885026932
2359,0.0802,4.8223,2.01070670038
2360,0.14,2.2444,3.32727189362
2361,0.0686,3.4592,1.34760263562
2362,0.2614,2.4528,3.50555500388
2363,0.261,0.8591,4.36963917315
2364,0.1571,2.9979,3.10411596298
2365,0.0836,2.3769,2.71444569528
2366,0.0896,1.0659,1.69314245135
2367,0.0532,4.1911,0.963522806764
2368,0.2219,1.5384,3.35501839221
2369,0.2243,2.0639,4.19655032456
2370,0.2683,0.7305,5.49241021276
2371,0.4627,1.8253,6.38957136869
2372,0.2159,4.1785,3.28134050965
2373,0.2002,3.1686,3.21453483403
2374,0.3018,1.9323,4.31501929462
2375,0.2214,3.0951,4.1747507304
2376,0.1315,1.3326,2.41253316402
2377,0.2484,1.5396,4.49755105376
2378,0.042,4.2124,0.961106460541
2379,0.16,1.0496,2.79831798375
2380,0.3876,1.0159,5.97339060903
2381,0.205,2.2916,3.8512660116
2382,0.3707,0.5266,5.74917167425
2383,0.0886,0.9567,1.94813454896
2384,0.1955,2.6513,3.82709170878
2385,0.0683,3.3244,1.31819238886
2386,0.3711,3.1538,4.72462818027
2387,0.134,3.6836,3.51478920877
2388,0.1367,1.3219,3.53279933333
2389,0.0674,3.0323,1.42771753669
2390,0.3306,2.3029,5.3917581439
2391,0.1858,1.7153,4.34586234391
2392,0.3002,0.7521,3.52916952968
2393,0.202,1.6728,3.20512643456
2394,0.127,3.0281,3.74631030858
2395,0.2576,2.7709,3.86097429693
2396,0.0381,3.7349,1.15119836107
2397,0.067,3.4915,1.23312270269
2398,0.0906,3.275,1.90120273083
2399,0.2566,1.3915,4.29472774267
2400,0.1135,4.2107,2.01609301567
