date,area_I_0,area_O_0,area_I_1,area_O_1,area_I_2,area_O_2,area_I_3,area_O_3,area_I_4,area_O_4,area_I_5,area_O_5,area_I_6,area_O_6,area_I_7,area_O_7,area_I_8,area_O_8,area_I_9,area_O_9,area_I_10,area_O_10,area_I_11,area_O_11,area_I_12,area_O_12,area_I_13,area_O_13,area_I_14,area_O_14,area_I_15,area_O_15,area_I_16,area_O_16,area_I_17,area_O_17,area_I_18,area_O_18,area_I_19,area_O_19,area_I_20,area_O_20,area_I_21,area_O_21,area_I_22,area_O_22,area_I_23,area_O_23,area_I_24,area_O_24,area_I_25,area_O_25,area_I_26,area_O_26,area_I_27,area_O_27,area_I_28,area_O_28,area_I_29,area_O_29,area_I_30,area_O_30,area_I_31,area_O_31,area_I_32,area_O_32,area_I_33,area_O_33,area_I_34,area_O_34,area_I_35,area_O_35,area_I_36,area_O_36,area_I_37,area_O_37,area_I_38,area_O_38,area_I_39,area_O_39,area_I_40,area_O_40,area_I_41,area_O_41,area_I_42,area_O_42,area_I_43,area_O_43,area_I_44,area_O_44,area_I_45,area_O_45,area_I_46,area_O_46,area_I_47,area_O_47,area_I_48,area_O_48,area_I_49,area_O_49,area_I_50,area_O_50,area_I_51,area_O_51,area_I_52,area_O_52,area_I_53,area_O_53,area_I_54,area_O_54,area_I_55,area_O_55,area_I_56,area_O_56,area_I_57,area_O_57,area_I_58,area_O_58,area_I_59,area_O_59,area_I_60,area_O_60,area_I_61,area_O_61,area_I_62,area_O_62,area_I_63,area_O_63,area_I_64,area_O_64,area_I_65,area_O_65,area_I_66,area_O_66,area_I_67,area_O_67,area_I_68,area_O_68,area_I_69,area_O_69
2014-06-12T00:00:01,124,92,56,56,0,7,46,44,45,40,39,49,15,19,11,11,13,6,52,44,41,42,46,45,23,36,22,25,31,33,25,26,20,19,21,18,19,23,33,27,52,51,13,17,11,13,31,29,17,21,24,30,23,20,23,24,23,18,28,26,24,25,17,22,12,21,35,35,19,20,24,26,1,2,4,1,6,7,1,2,3,2,5,5,3,6,6,6,2,3,1,2,4,2,4,3,4,3,4,5,7,4,1,1,0,0,0,0,0,0,1,1,0,0,0,0,6,5,5,0,1,7,2,2,1,1,17,13,3,6,7,7,5,5,2,3,5,4,1,2
2014-05-25T00:00:01,23,19,1,9,0,3,21,19,48,44,9,6,7,8,4,5,16,21,10,8,46,51,26,32,1,4,9,13,12,10,6,8,4,5,9,7,17,21,6,10,16,10,7,6,5,7,19,17,31,32,29,9,10,8,3,8,13,7,7,7,5,8,10,9,18,16,7,7,12,12,1,2,2,2,2,4,12,12,4,2,1,3,0,0,0,0,4,2,9,11,1,0,0,4,4,2,1,1,4,0,0,0,1,1,0,0,0,0,0,0,0,0,0,0,0,0,1,2,6,7,2,2,1,1,0,0,11,7,2,3,2,4,0,0,2,3,0,1,7,5
2014-08-03T00:00:01,16,18,8,6,2,6,6,12,0,23,1,2,1,3,3,5,11,1,7,8,26,13,17,11,5,2,11,18,12,4,9,2,6,4,2,5,11,12,3,10,14,11,7,4,10,10,15,7,14,15,28,22,6,4,4,6,6,8,3,8,7,3,9,9,10,11,0,5,1,3,4,2,2,2,1,1,4,6,0,1,2,3,0,2,3,4,3,3,4,0,1,1,4,3,8,9,6,5,2,2,6,6,0,2,0,0,0,0,0,0,0,0,0,0,0,0,7,6,1,1,0,0,4,4,0,0,4,4,1,0,2,2,1,2,0,0,1,1,2,1
2014-08-07T00:00:01,149,101,59,60,11,11,54,60,0,52,44,46,25,23,7,12,17,15,48,46,61,49,42,30,26,39,35,49,27,20,25,24,24,14,15,21,23,25,27,23,59,39,14,31,11,8,27,22,50,42,36,34,30,19,32,30,26,23,30,29,25,22,26,18,16,28,0,31,23,28,20,19,6,4,0,3,8,7,2,3,3,4,3,3,5,9,4,3,5,4,4,4,5,3,3,3,7,5,5,4,7,8,1,1,1,0,0,1,0,0,0,1,0,0,0,0,2,3,4,3,3,2,1,0,1,2,11,7,4,4,4,4,4,3,0,4,3,3,1,3
2014-05-05T00:00:01,106,117,67,40,0,7,45,39,57,55,35,52,12,15,9,13,15,8,37,34,46,47,46,33,28,31,34,32,29,27,24,15,16,13,16,14,24,23,20,21,61,51,5,21,14,13,22,19,30,32,29,35,23,15,29,30,15,19,26,26,23,16,28,29,10,25,30,27,14,31,17,17,2,1,5,5,7,9,7,7,1,2,3,4,4,9,1,1,0,0,3,3,0,1,4,3,3,3,4,4,9,1,2,2,0,0,1,1,0,0,1,1,0,0,0,0,2,2,4,3,3,6,2,1,0,0,15,14,6,5,3,7,5,8,3,3,5,5,9,3
2014-08-19T00:00:01,161,91,66,64,3,6,38,44,46,54,47,49,28,27,9,16,8,8,54,53,48,38,52,58,33,43,32,32,25,24,22,27,21,18,8,18,27,33,29,20,50,40,10,22,24,21,29,27,36,38,35,35,17,17,32,28,14,22,26,27,21,18,20,28,14,27,34,27,16,35,18,16,3,2,6,5,7,8,4,4,5,4,2,1,2,4,1,1,1,1,1,0,3,5,4,4,3,4,1,4,2,0,0,3,2,1,0,0,1,1,3,1,1,1,0,0,7,4,7,6,4,3,2,5,1,3,21,15,7,7,9,9,6,9,0,3,7,5,2,4
2014-04-01T00:00:01,54,52,20,21,5,4,19,14,17,18,22,30,1,7,6,6,5,3,21,18,19,21,27,21,9,13,13,11,5,11,9,12,7,8,6,3,7,5,16,10,26,22,5,12,6,3,7,8,16,11,20,18,13,11,10,9,13,11,11,12,15,10,6,9,2,12,16,12,9,15,11,14,0,1,0,0,7,4,0,0,2,1,2,2,0,4,2,1,0,1,3,3,0,0,2,0,2,2,0,2,4,0,0,0,0,0,0,0,0,0,0,0,0,0,0,0,1,2,0,0,2,1,0,0,0,0,7,7,5,2,3,5,2,2,0,0,2,2,1,2
2014-07-07T00:00:01,142,97,56,53,6,4,60,55,49,54,57,50,22,21,12,14,11,10,43,39,46,42,39,48,25,35,29,38,22,27,19,18,19,19,20,12,22,21,24,27,59,51,0,22,10,13,29,29,26,31,31,24,11,13,24,25,24,20,19,20,22,20,14,17,15,27,28,32,21,28,26,26,2,3,9,6,5,7,1,1,3,4,2,3,2,4,5,4,1,1,1,1,3,2,4,4,1,3,3,3,5,1,1,2,0,0,0,0,1,0,1,1,3,2,0,1,2,2,4,0,5,7,2,4,3,3,21,21,6,6,7,8,9,9,6,5,7,6,3,4
2014-05-14T00:00:01,127,101,53,54,5,12,40,43,64,57,35,46,17,16,13,16,14,13,40,30,38,28,69,63,27,32,27,26,19,27,28,29,22,18,17,19,18,23,19,21,73,64,13,21,17,18,21,21,0,26,37,34,15,13,26,22,22,24,25,28,31,25,18,11,21,23,35,34,25,33,17,11,3,2,5,5,10,9,5,5,1,4,2,3,0,5,1,2,6,5,1,1,6,6,4,4,2,3,3,2,3,2,0,1,0,0,0,0,0,0,2,0,0,1,0,0,3,5,4,2,2,3,1,0,1,1,10,10,2,4,3,3,3,5,2,1,4,2,2,1
2014-08-28T00:00:01,160,95,74,69,5,7,53,52,47,59,60,63,18,22,11,17,14,8,48,47,46,41,62,68,29,48,32,46,26,23,25,37,18,17,30,23,24,22,28,24,63,57,12,18,23,14,28,28,38,39,35,26,23,13,26,30,25,21,36,28,25,34,21,15,8,31,31,46,16,32,18,20,2,2,7,5,4,7,1,1,3,1,4,4,3,5,2,3,1,3,4,3,1,2,6,1,3,5,1,2,12,8,7,6,0,0,0,0,0,0,1,2,0,0,0,0,0,3,2,3,1,0,3,1,1,0,17,11,2,1,9,5,6,7,0,8,2,2,0,2
2014-08-17T00:00:01,20,13,12,12,5,6,11,10,0,28,4,3,2,0,3,1,4,13,11,6,39,25,17,23,3,6,7,12,6,5,6,6,8,9,4,3,12,15,2,5,20,11,10,14,5,5,9,7,27,17,23,17,5,2,6,9,10,10,6,3,3,6,16,9,11,15,11,8,0,4,8,9,0,0,0,1,1,2,2,2,1,2,0,0,1,0,3,0,3,3,0,0,3,3,1,2,3,0,6,5,6,9,0,0,0,0,0,0,0,0,0,0,0,0,0,0,2,2,3,2,0,1,2,1,2,3,6,3,0,1,5,3,1,2,0,2,1,3,4,3
2014-03-23T00:00:01,13,9,7,5,5,3,12,10,32,26,4,2,6,6,2,5,2,2,15,15,40,40,14,11,3,3,5,6,5,7,1,4,5,6,1,1,9,13,2,0,9,11,11,15,1,2,10,6,25,23,13,16,10,15,5,5,5,5,5,4,9,4,4,4,8,13,9,8,1,3,2,1,0,0,0,0,2,4,2,3,1,1,2,0,1,2,0,1,7,5,0,0,4,1,4,4,0,0,2,1,2,6,0,0,1,1,0,0,1,0,0,0,0,0,0,0,4,4,7,9,2,3,5,3,0,0,6,6,2,2,0,1,6,5,0,0,1,1,2,2
2014-03-17T00:00:01,112,91,48,39,5,7,32,36,48,46,42,48,10,10,5,7,12,6,37,44,42,35,42,45,22,33,17,22,18,15,13,20,15,11,20,23,17,14,17,23,59,43,15,19,14,12,15,11,31,35,25,19,18,15,23,21,15,17,20,17,24,27,29,26,12,26,29,29,12,23,13,15,0,0,0,0,5,5,2,0,1,3,4,1,1,4,2,1,0,0,1,1,2,1,1,0,4,6,1,2,5,3,2,1,0,0,1,2,0,0,0,0,0,1,1,0,2,3,1,1,1,3,1,1,2,0,13,12,2,2,8,7,1,4,3,3,3,2,1,0
2014-07-19T00:00:01,14,4,7,9,6,5,14,8,32,41,3,4,5,6,8,6,7,9,7,4,44,40,15,10,4,9,8,9,13,8,8,12,6,7,9,7,22,22,8,8,12,12,12,11,10,10,9,7,18,12,10,19,28,14,2,4,3,7,6,7,8,10,8,14,12,13,3,4,1,10,0,3,0,0,1,0,3,1,0,4,5,4,0,0,1,0,1,1,2,1,3,0,2,1,0,2,0,0,1,1,0,1,1,2,1,1,1,0,0,0,0,0,0,0,1,2,1,0,4,3,1,0,3,3,0,0,7,7,0,4,2,1,2,2,1,1,0,0,1,0
2014-08-11T00:00:01,169,108,48,49,3,6,65,54,0,42,48,54,27,28,9,15,13,6,40,41,56,49,42,51,26,30,42,48,25,24,26,22,29,22,14,14,23,18,28,23,53,32,13,23,10,17,32,33,25,32,40,34,28,27,30,27,21,17,29,21,24,18,26,23,8,25,11,28,12,34,20,20,2,1,4,5,8,9,3,3,4,5,4,4,5,7,0,0,2,2,4,1,6,5,5,8,3,3,4,5,6,2,0,2,1,0,0,0,1,1,1,0,0,0,0,0,2,4,4,3,4,3,1,0,3,3,16,11,7,6,5,6,5,4,0,5,5,6,1,2
2014-04-20T00:00:01,22,12,6,5,0,1,11,12,29,30,3,7,1,3,5,8,6,5,8,8,35,26,15,21,3,5,7,5,7,3,4,7,4,4,5,2,8,7,2,3,7,10,7,6,4,2,13,10,24,24,9,15,9,7,12,12,7,9,9,8,5,10,5,4,11,13,7,5,2,1,3,3,0,0,0,0,3,3,3,3,0,0,0,0,0,0,1,1,0,0,0,0,4,2,1,1,4,8,5,5,2,0,2,4,0,0,0,0,0,0,1,1,0,0,0,0,0,0,9,11,3,1,7,6,0,1,6,4,0,0,1,2,2,3,1,0,1,2,2,2
2014-06-09T00:00:01,152,118,58,57,0,10,53,59,48,45,40,55,12,20,9,14,10,9,53,39,48,38,65,50,29,37,29,39,19,24,26,34,22,21,18,18,21,26,31,28,60,49,16,21,14,19,25,15,36,37,37,31,26,25,30,27,13,13,35,24,20,21,26,26,14,28,39,34,19,42,24,25,3,2,3,5,4,4,0,0,5,2,5,4,4,7,6,7,2,1,2,1,4,4,4,3,4,4,5,7,7,6,1,2,1,0,0,0,0,0,0,0,1,1,0,0,7,9,4,1,2,3,2,2,3,4,13,16,5,4,8,6,5,5,4,3,7,7,0,0
2014-04-05T00:00:01,26,19,7,10,1,4,15,20,42,46,5,6,1,7,5,9,9,10,13,13,59,49,22,11,12,11,12,18,13,5,9,8,10,14,4,5,17,20,2,6,11,5,24,23,5,7,13,9,21,17,27,25,22,14,12,11,4,7,7,11,8,7,12,19,14,9,5,8,3,9,2,1,0,0,0,0,3,4,1,2,2,0,3,1,1,2,1,1,2,5,2,1,3,1,0,0,1,4,4,3,1,1,2,2,0,0,0,0,0,0,0,0,0,0,0,0,0,0,1,2,2,2,2,0,0,1,3,4,0,0,3,0,0,0,1,2,2,2,0,1
2014-06-05T00:00:01,123,99,55,57,0,6,40,43,41,47,47,50,9,11,9,12,9,2,44,40,44,42,45,43,30,43,29,36,29,28,23,16,21,20,23,24,16,19,19,20,67,53,12,18,20,16,18,21,29,34,43,43,21,20,23,19,30,21,30,24,28,23,24,35,12,27,39,36,23,27,19,17,5,6,4,6,4,4,3,6,1,1,2,2,4,13,5,5,4,1,1,0,7,7,4,2,2,2,9,6,6,2,1,1,0,0,1,1,0,0,0,0,1,1,0,0,6,4,2,4,3,3,7,3,1,2,17,16,6,5,5,5,3,5,4,4,4,5,1,3
2014-06-20T00:00:01,132,102,36,53,0,10,45,49,65,56,46,41,7,11,16,15,16,15,39,40,52,50,39,41,24,23,37,39,24,23,28,19,7,13,22,24,28,21,18,17,46,51,5,13,16,17,32,25,28,27,44,36,14,8,20,18,16,19,26,23,26,30,17,16,9,20,26,26,14,29,21,24,4,2,4,5,10,7,2,7,6,6,3,3,5,3,8,8,2,1,1,3,6,3,3,3,0,1,6,6,2,1,3,3,1,1,0,0,0,0,0,0,2,2,0,0,6,3,0,0,1,3,3,2,0,2,9,11,5,4,4,4,3,4,4,2,5,5,2,2
2014-06-07T00:00:01,27,24,11,11,0,1,17,10,37,42,2,2,1,2,2,9,9,6,11,12,32,26,14,10,4,7,8,11,8,6,5,3,11,11,3,5,18,20,7,9,10,13,11,11,5,7,7,13,23,17,18,12,6,7,7,10,9,6,3,3,17,15,6,7,10,13,7,2,6,9,6,4,2,2,2,5,6,5,2,2,2,3,1,1,2,2,1,1,3,1,4,7,2,4,1,3,7,2,3,5,3,0,0,2,0,0,0,0,2,0,0,0,0,0,0,0,1,1,0,1,1,0,1,0,0,0,3,2,1,2,2,2,1,0,1,3,0,0,2,2
2014-06-04T00:00:01,141,117,53,52,0,2,45,58,54,44,52,54,12,15,7,16,18,16,45,39,49,41,52,47,31,35,41,41,23,28,28,24,14,14,21,21,19,22,19,25,54,57,12,14,21,19,25,23,42,38,40,39,23,19,29,27,27,29,25,28,26,26,31,23,14,31,40,35,19,33,22,27,3,2,4,5,9,5,2,4,3,2,2,3,5,7,4,4,2,0,1,0,2,4,6,5,3,4,8,9,7,2,1,1,0,0,1,1,0,0,0,0,0,0,0,0,1,3,3,3,2,1,2,1,0,0,14,21,11,7,7,3,4,6,7,4,6,7,4,5
2014-08-21T00:00:01,143,120,66,65,9,5,64,52,56,53,63,74,22,28,5,11,14,8,64,55,47,35,58,67,27,38,36,39,20,28,18,26,16,16,20,17,29,31,31,23,62,47,19,22,17,23,32,32,39,38,37,31,23,18,0,0,31,32,25,22,33,27,25,29,9,38,34,30,21,35,19,18,7,7,5,7,12,8,4,5,2,3,1,3,2,4,0,0,6,7,3,1,3,4,3,1,5,3,4,6,2,1,0,2,1,0,0,0,0,0,0,0,1,1,1,0,1,3,2,2,3,3,2,2,3,1,22,12,3,4,10,6,4,8,0,7,3,2,1,4
2014-04-29T00:00:01,99,85,58,52,0,6,59,55,59,60,45,50,13,18,11,12,16,12,42,42,48,40,78,68,26,43,37,29,22,34,17,22,24,19,25,14,21,28,16,17,51,46,15,20,16,23,13,21,37,34,42,35,25,24,30,21,24,26,27,29,32,20,23,26,17,20,34,33,15,33,19,14,3,3,4,5,9,10,0,1,1,2,0,0,2,5,5,2,0,0,2,2,6,5,1,4,2,3,3,3,7,5,2,1,0,0,1,0,0,2,0,1,1,0,0,0,5,5,0,1,2,3,1,1,2,1,8,10,8,7,7,5,2,2,3,3,5,5,2,2
2014-04-27T00:00:01,23,27,2,6,0,0,9,6,20,26,2,3,0,2,6,7,3,1,13,15,27,14,19,20,3,4,7,6,9,5,1,7,5,3,2,3,32,27,4,6,7,7,1,5,2,1,9,10,11,6,17,8,17,11,6,9,5,4,4,6,6,9,5,5,8,11,4,7,7,9,1,4,2,1,2,4,2,1,0,0,0,0,0,0,1,1,0,0,1,0,1,1,1,1,2,2,1,1,1,0,2,1,2,2,2,2,0,0,0,0,0,0,0,0,0,0,4,2,0,0,0,1,3,3,1,1,10,8,4,3,1,2,2,6,3,3,5,3,1,2
2014-05-04T00:00:01,22,13,4,10,0,3,9,5,28,31,5,1,5,0,6,5,7,9,17,16,38,34,16,5,3,5,8,8,14,11,6,5,4,5,2,2,16,22,6,5,12,14,12,7,2,7,16,14,18,16,16,15,7,2,5,8,5,9,1,0,11,8,13,15,5,18,9,13,9,16,1,5,0,0,2,2,0,1,5,5,0,0,0,0,3,3,5,2,1,1,0,0,10,8,10,10,3,3,5,3,3,5,1,1,0,0,0,0,0,0,1,1,0,0,0,0,1,2,1,0,0,0,0,0,0,0,2,4,0,0,1,2,3,1,0,0,1,1,1,0
2014-08-30T00:00:01,12,21,6,9,6,4,18,8,69,66,6,3,7,8,5,5,6,10,12,12,63,46,25,18,6,7,9,16,13,9,6,3,9,6,11,6,0,23,8,9,10,12,5,11,11,7,4,6,20,17,26,21,16,10,13,14,4,6,0,5,10,7,12,11,10,16,8,9,2,7,3,2,1,2,2,1,4,5,0,0,0,0,0,0,0,0,3,1,1,1,1,3,1,1,1,1,0,0,0,0,1,1,0,0,0,0,0,0,0,0,0,0,0,0,0,0,0,1,0,0,0,0,1,0,0,0,3,2,2,1,0,1,2,2,0,0,4,3,1,3
2014-04-14T00:00:01,105,81,53,51,0,11,39,36,50,43,43,50,11,13,7,11,10,5,41,33,36,38,50,47,22,24,21,25,18,27,14,18,11,15,23,20,14,14,24,26,51,41,14,24,12,8,21,8,32,27,28,32,17,17,21,20,18,20,24,23,27,22,20,18,5,20,33,35,20,32,16,13,0,0,5,5,6,6,5,5,2,4,4,5,0,8,2,4,1,2,2,2,3,2,4,2,6,3,2,1,5,1,1,2,0,0,1,0,0,0,1,1,0,0,0,0,2,3,3,1,1,2,2,0,0,2,14,14,7,4,5,7,2,3,5,3,3,4,2,3
2014-07-17T00:00:01,143,116,51,53,6,8,40,54,58,46,57,65,14,20,18,16,17,13,49,47,56,43,49,43,28,37,39,40,28,28,28,32,24,23,20,21,18,23,27,26,66,58,21,30,15,17,20,26,49,36,36,31,22,23,26,24,19,27,23,22,31,19,24,28,21,36,38,37,13,26,0,21,2,2,4,6,6,3,0,2,1,0,4,1,3,3,4,1,4,1,3,1,2,0,4,2,2,4,5,3,7,1,2,1,0,0,0,0,0,1,1,1,0,0,0,0,4,6,3,3,4,3,2,2,3,2,14,12,5,6,4,6,6,7,2,2,6,5,1,0
2014-07-28T00:00:01,145,90,67,54,4,10,56,59,62,56,54,53,21,25,10,17,15,15,41,40,48,36,69,67,20,31,38,44,17,18,20,32,19,19,26,14,24,26,24,28,75,44,23,21,13,14,30,27,38,49,42,41,19,19,23,25,10,13,22,28,21,20,23,23,14,22,0,42,22,32,18,21,3,3,8,6,5,7,0,2,2,2,3,2,2,5,6,4,0,3,1,0,4,4,5,1,2,2,5,5,3,1,1,2,0,1,0,0,0,0,0,0,3,1,1,1,4,4,8,6,3,6,2,3,1,1,19,15,6,7,8,9,7,10,3,1,5,4,1,1
2014-08-13T00:00:01,140,101,67,49,7,13,53,56,0,55,45,50,26,27,8,12,6,4,53,47,48,37,65,61,26,27,35,42,25,23,19,25,21,19,18,17,21,21,23,18,53,45,15,33,19,11,28,21,36,31,40,29,24,21,25,29,21,21,23,23,30,34,27,24,13,27,31,27,17,28,18,17,3,2,4,5,7,8,4,5,8,10,7,5,4,7,8,2,3,2,1,3,4,4,4,6,7,7,1,4,8,4,0,1,0,0,0,0,0,0,1,1,1,0,0,0,1,3,1,0,1,1,1,1,3,2,17,11,4,2,6,6,6,7,0,5,5,6,2,3
2014-07-10T00:00:01,131,107,69,67,4,4,41,40,60,41,58,63,9,13,13,13,15,7,53,42,50,41,22,49,20,31,31,34,21,21,20,24,21,18,18,13,31,32,24,20,66,61,15,22,13,11,20,24,33,35,39,30,29,24,34,26,17,27,26,26,32,21,0,17,10,29,33,32,15,28,25,18,3,5,8,8,2,3,5,5,3,5,2,1,0,4,5,5,4,4,3,2,5,4,1,1,3,3,3,5,3,2,1,1,0,0,0,0,0,0,1,1,0,0,2,2,5,5,1,1,2,2,2,1,1,2,12,13,9,7,8,8,3,3,3,2,8,9,2,3
2014-06-29T00:00:01,14,11,10,16,0,1,11,17,28,30,8,4,11,9,3,1,6,14,19,10,37,31,21,27,2,2,14,12,7,11,2,2,12,12,9,5,27,19,4,1,1,4,0,10,1,2,6,4,6,11,9,8,14,11,5,10,7,8,3,1,14,10,8,5,12,13,5,5,9,8,5,4,0,0,2,1,2,1,4,8,3,0,0,0,1,1,5,5,6,4,2,2,0,3,3,3,1,4,2,2,2,0,0,0,0,0,1,1,0,0,0,0,0,0,1,0,0,1,3,1,2,5,2,1,0,0,4,1,2,1,2,4,0,2,7,7,0,0,3,3
2014-05-21T00:00:01,114,96,55,52,0,9,33,42,58,60,49,46,7,10,6,9,13,7,38,29,38,28,55,41,32,35,31,39,17,25,29,24,19,17,18,17,21,19,23,20,59,43,12,15,16,20,21,18,0,23,32,29,5,16,28,33,13,14,23,20,31,28,26,16,19,28,23,21,21,36,17,18,8,8,7,10,6,6,3,2,3,3,2,2,2,4,2,2,2,1,3,0,6,6,7,5,2,4,4,4,3,2,2,1,0,0,0,0,0,0,1,2,1,1,0,0,1,3,4,3,0,2,3,0,0,0,9,10,3,3,6,4,4,4,4,4,2,2,1,2
2014-06-03T00:00:01,144,130,58,47,0,6,54,57,57,52,54,54,16,22,7,15,10,16,52,54,48,39,55,48,26,34,42,42,32,34,24,26,25,19,19,16,15,16,14,17,49,46,15,25,20,22,23,30,37,34,57,44,25,22,23,29,29,19,30,31,33,31,26,32,11,19,30,30,22,24,23,18,5,5,3,5,9,9,4,3,3,5,5,5,5,7,7,7,0,2,2,3,2,3,3,2,3,4,4,3,5,2,1,1,0,0,1,0,0,0,0,1,0,0,0,0,2,3,4,3,1,2,1,1,0,0,17,17,8,9,6,5,4,4,5,5,7,5,3,4
2014-05-18T00:00:01,18,11,7,6,2,2,26,24,21,23,5,4,2,0,4,10,14,13,6,10,42,30,21,17,4,5,16,10,7,10,2,5,9,12,5,8,16,26,7,4,8,13,19,6,1,4,17,19,0,12,19,17,5,2,4,9,12,6,0,1,9,4,12,14,10,16,6,5,6,4,9,8,0,0,4,4,2,1,0,1,1,4,0,2,2,4,1,0,6,6,0,0,6,5,1,1,5,3,3,1,4,2,0,0,0,0,0,0,0,0,0,0,0,0,0,0,0,1,5,5,5,5,0,1,0,0,5,1,0,0,0,2,0,4,2,0,0,0,1,1
2014-06-16T00:00:01,132,134,77,54,0,10,49,49,59,49,51,60,19,21,13,16,12,8,48,43,50,44,55,46,21,32,34,36,18,17,26,16,20,14,21,17,24,28,19,18,61,60,16,25,19,16,19,22,28,39,39,36,19,15,23,30,18,16,23,20,24,18,22,20,11,27,38,38,21,35,15,16,4,4,7,6,5,5,4,5,1,2,1,2,5,7,6,4,2,2,1,1,5,6,3,0,1,0,2,3,3,2,1,3,1,0,0,0,0,0,2,1,0,0,0,0,4,5,5,4,3,2,2,1,1,2,20,14,6,7,7,7,5,8,4,6,8,9,0,0
2014-08-23T00:00:01,20,17,7,14,9,7,9,7,54,53,2,5,6,5,3,9,11,10,15,15,59,52,15,16,4,8,8,9,17,11,3,1,9,7,7,2,12,16,3,2,7,17,11,16,13,15,16,22,16,18,22,16,12,7,13,6,4,4,10,6,10,1,8,11,6,8,6,13,4,5,6,3,0,0,2,1,6,9,4,2,1,0,0,0,1,1,1,0,0,0,3,2,2,6,3,2,2,3,2,3,1,1,0,2,1,1,0,0,0,0,0,0,0,0,0,0,5,2,1,2,1,1,0,0,0,0,4,3,0,0,1,2,2,2,0,1,1,0,4,5
2014-03-30T00:00:01,26,12,12,7,3,1,12,6,37,40,4,2,0,3,5,8,13,5,7,8,36,35,12,12,7,9,9,9,7,8,2,4,5,9,8,5,8,16,2,1,5,13,20,13,7,0,7,9,26,26,10,11,7,7,5,6,2,5,1,3,5,4,6,7,5,14,6,6,5,8,0,0,0,0,0,0,5,4,0,0,1,0,0,0,0,0,1,0,1,1,0,1,5,5,1,0,0,1,2,0,1,5,3,3,0,0,0,0,0,0,1,1,0,0,0,0,11,9,2,3,1,2,0,0,0,0,9,5,1,1,2,5,2,3,0,1,2,1,5,5
2014-04-25T00:00:01,72,50,26,25,0,4,29,30,28,26,16,23,7,10,6,5,9,5,20,12,25,17,25,23,15,20,9,15,6,7,9,11,9,12,5,10,11,12,10,11,33,25,4,8,6,6,10,6,15,22,23,15,18,10,10,15,12,15,17,16,16,11,13,12,10,19,12,23,8,13,10,6,0,1,1,0,1,2,0,0,0,2,0,1,2,5,4,5,0,0,1,0,1,3,3,1,0,1,4,2,2,0,1,1,0,0,0,0,0,0,1,1,0,0,0,0,2,0,0,0,0,1,0,1,1,0,8,3,6,5,3,6,1,2,1,3,2,4,2,1
2014-07-24T00:00:01,141,115,66,57,8,7,47,48,59,45,51,54,22,24,12,17,16,9,61,48,46,31,20,56,29,30,39,53,18,25,24,30,24,24,18,18,25,32,25,28,76,59,22,22,25,21,29,27,38,33,36,36,21,16,32,21,29,16,21,17,21,23,24,23,17,30,30,33,0,44,17,15,3,2,3,6,5,9,4,2,2,2,3,1,2,5,3,3,3,2,1,0,6,3,4,5,3,4,3,6,3,0,0,2,0,0,2,2,0,0,0,0,2,2,0,0,1,1,8,6,2,3,0,0,2,1,13,17,8,4,4,3,4,5,6,5,6,8,2,1
2014-04-22T00:00:01,112,89,63,50,0,5,41,38,45,36,43,50,9,13,9,15,14,9,42,41,28,24,47,39,21,29,21,31,15,21,16,19,13,14,21,15,14,14,23,24,57,44,12,23,16,17,17,19,32,29,32,25,19,18,27,28,33,24,37,43,28,26,16,26,5,25,35,41,1,0,15,14,2,2,4,5,1,4,2,2,1,2,4,3,4,3,2,2,2,2,1,0,4,5,3,2,3,3,3,3,4,3,2,3,1,1,0,0,0,0,2,1,0,0,0,0,7,2,1,0,2,6,1,1,1,3,9,8,6,6,3,3,2,3,0,0,7,6,3,4
2014-03-06T00:00:01,98,71,50,39,2,7,37,37,52,47,40,47,16,15,6,11,7,6,39,37,40,38,47,44,17,22,21,30,15,23,20,19,17,12,16,17,21,25,18,16,52,49,8,18,20,15,20,16,33,26,26,27,17,15,24,21,17,16,26,25,12,17,21,16,9,24,34,38,19,31,12,16,0,0,0,0,9,6,2,3,1,1,1,1,2,6,0,2,1,2,2,2,3,3,3,0,4,3,3,1,4,1,0,1,0,0,2,2,0,1,1,1,1,0,1,0,1,1,4,2,0,1,3,2,0,1,14,15,7,4,5,5,4,6,1,1,4,5,2,2
2014-06-15T00:00:01,12,9,10,9,0,6,12,13,36,48,2,1,4,7,2,6,9,20,4,2,40,28,13,13,7,11,5,4,5,8,0,5,6,5,6,6,11,16,6,5,13,13,14,8,1,3,13,8,24,7,13,14,22,11,6,6,8,6,11,12,8,8,7,5,5,4,4,10,2,4,2,4,0,0,1,5,3,2,0,0,1,3,0,0,0,1,4,5,3,1,2,2,1,0,1,3,6,1,0,1,7,3,0,0,0,2,0,0,0,0,0,0,0,0,0,0,1,1,3,1,2,3,1,0,1,1,4,4,0,0,1,1,0,0,7,7,0,0,0,0
2014-07-21T00:00:01,156,102,58,54,10,12,43,48,54,51,58,49,22,21,10,11,17,10,39,36,53,45,40,43,20,33,28,46,14,16,24,24,18,15,17,16,20,22,22,21,45,43,10,16,10,11,22,22,34,41,35,32,22,12,27,29,14,18,22,24,26,23,22,23,16,34,28,22,0,31,20,22,4,2,12,7,5,6,0,4,2,0,4,5,3,4,4,7,4,3,4,2,5,11,5,6,2,3,7,5,7,1,1,1,0,0,0,0,0,0,3,3,1,1,2,2,1,3,5,4,2,2,4,5,3,2,22,21,6,6,10,11,8,8,3,2,7,7,2,2
2014-08-18T00:00:01,158,104,66,69,7,8,45,56,34,43,52,53,29,28,8,8,8,4,57,55,48,48,51,55,25,27,33,44,23,18,24,26,20,17,15,14,24,21,22,25,64,47,20,24,19,15,30,24,34,44,34,36,20,16,25,28,16,22,23,22,23,19,23,22,12,27,29,34,15,33,19,20,2,2,6,4,5,5,0,0,2,3,2,3,6,7,0,0,2,1,1,1,3,6,4,4,6,6,1,2,6,1,2,1,1,0,0,0,0,2,0,0,1,1,0,0,3,4,2,0,6,6,2,0,2,4,23,16,6,5,10,9,8,9,0,8,5,6,3,3
2014-03-13T00:00:01,107,80,38,40,9,8,35,42,57,53,33,34,10,13,10,9,19,14,47,43,55,43,49,49,12,25,27,28,23,23,18,23,15,14,16,19,15,18,24,25,72,76,20,34,17,12,24,19,41,34,31,28,17,21,28,25,22,18,25,25,21,20,24,29,14,28,41,35,15,24,17,17,1,1,0,0,7,8,3,1,1,2,3,0,2,4,1,4,1,0,2,3,9,10,3,2,8,6,1,4,8,5,2,1,0,1,1,0,1,2,0,1,0,0,1,0,2,2,1,0,1,1,1,1,0,1,6,10,3,1,9,6,4,4,2,2,2,3,2,2
2014-05-03T00:00:01,14,9,6,3,0,1,13,7,26,22,3,2,0,1,5,4,5,5,5,5,27,19,10,10,1,6,12,17,12,8,6,7,2,6,7,6,12,14,4,3,10,14,10,16,7,4,9,13,6,10,25,20,8,7,6,8,5,4,3,4,8,8,7,6,7,9,12,12,7,10,2,2,0,0,2,1,5,5,2,2,2,2,1,1,1,1,1,1,1,1,6,1,9,9,9,9,1,2,0,2,6,9,2,1,0,0,1,1,1,0,2,3,0,1,0,0,3,3,6,5,1,3,3,1,0,2,4,4,3,5,2,2,4,3,0,0,5,2,1,2
2014-04-28T00:00:01,110,91,66,51,0,8,41,45,53,57,42,51,13,16,12,9,16,11,34,47,36,28,66,53,29,39,29,31,22,25,17,24,20,16,17,16,23,21,23,26,57,40,6,16,14,14,26,24,33,37,38,33,23,15,23,25,25,23,18,18,21,12,24,25,11,24,30,34,23,36,18,20,3,2,2,3,8,10,3,3,5,3,4,6,5,7,1,0,7,11,2,3,6,4,9,5,3,4,6,3,4,2,2,3,0,0,1,0,0,0,2,2,0,0,0,0,4,2,2,2,0,2,2,2,1,1,11,14,6,8,8,6,4,5,3,1,4,4,3,1
2014-05-13T00:00:01,138,121,56,52,0,6,50,56,59,50,42,52,14,17,9,16,15,10,53,39,38,30,58,49,36,38,29,31,27,28,28,22,22,18,18,20,25,26,17,20,66,58,18,23,12,7,33,22,0,24,35,40,23,24,18,21,28,22,25,25,26,29,25,26,8,20,33,28,15,29,23,23,4,3,3,4,9,8,2,1,2,4,0,0,6,9,2,1,1,2,1,2,6,6,5,4,2,1,1,2,4,1,3,2,0,0,0,0,0,0,0,1,0,0,0,0,4,4,4,5,2,2,4,2,0,0,11,16,7,8,7,5,4,1,7,5,8,9,3,4
2014-05-17T00:00:01,26,22,15,9,0,1,19,4,39,40,1,0,4,7,6,4,11,6,18,18,52,45,14,21,1,3,5,5,13,14,6,5,11,6,8,6,10,11,10,10,10,7,9,19,4,3,12,17,0,18,25,18,7,11,7,8,6,7,5,3,13,13,7,9,17,17,13,11,6,11,2,5,0,0,2,2,5,3,5,7,0,0,0,0,1,1,6,3,1,3,3,3,7,6,7,7,0,0,3,3,6,5,3,3,1,1,0,0,0,0,2,2,0,0,0,0,4,3,3,2,1,2,0,2,0,1,1,2,5,5,0,0,1,1,2,1,1,1,3,2
2014-05-09T00:00:01,111,84,43,57,0,6,27,32,55,56,29,38,12,14,9,9,13,9,45,39,51,38,43,35,25,34,27,29,22,25,28,25,17,15,15,11,19,23,18,17,44,39,12,24,9,11,18,24,28,26,39,32,18,13,20,17,18,20,23,23,22,18,20,13,13,24,23,21,12,27,15,22,3,2,6,6,8,6,2,3,1,2,3,3,2,4,2,1,2,3,3,2,3,4,3,2,3,3,10,5,5,3,2,3,1,0,0,0,1,0,2,2,0,0,1,2,4,4,1,0,2,3,2,3,5,4,6,8,6,6,3,2,2,2,2,2,6,4,1,2
2014-07-29T00:00:01,154,106,70,67,6,7,53,53,53,60,58,55,21,18,16,14,15,13,50,38,65,58,62,49,23,35,37,45,18,25,29,26,21,18,18,24,25,28,21,25,64,47,11,20,21,18,30,19,42,43,34,38,30,27,27,28,23,30,25,30,29,30,27,22,9,26,0,31,21,34,25,24,4,4,5,5,9,8,0,1,2,3,5,3,5,7,1,1,8,7,5,4,7,7,5,6,1,1,2,1,3,5,1,1,0,0,0,0,0,1,2,2,1,1,1,0,2,2,6,6,3,3,2,4,2,1,21,17,6,6,6,5,4,9,5,5,7,8,3,2
2014-08-02T00:00:01,15,9,10,14,3,1,28,15,0,41,4,5,3,1,9,2,2,6,17,13,47,36,8,6,1,3,12,10,15,12,4,10,7,6,5,3,14,12,4,7,13,16,16,12,3,6,15,15,25,15,11,9,10,0,8,5,5,13,5,5,8,6,10,3,8,14,0,11,1,4,3,6,0,0,1,1,3,4,0,3,1,2,0,0,0,0,0,0,2,0,0,0,4,3,2,2,2,2,7,4,3,1,2,2,0,0,1,1,0,0,1,1,0,0,0,0,1,1,0,0,0,1,3,1,0,0,3,1,0,1,0,0,0,0,0,0,1,1,0,2
2014-04-15T00:00:01,112,87,67,59,0,9,36,38,45,48,45,47,10,19,6,10,7,7,41,39,47,36,70,64,22,35,29,34,18,24,16,23,22,18,16,15,18,20,28,18,49,43,12,17,16,15,18,16,36,40,37,35,21,14,16,21,24,19,29,26,19,17,28,20,11,23,32,27,17,37,17,15,0,0,2,2,7,5,8,8,6,3,3,5,0,5,3,2,0,1,1,3,13,11,6,2,7,10,5,9,4,1,1,2,0,0,0,0,1,0,1,1,1,1,0,0,5,7,4,3,4,3,3,2,1,2,10,16,6,3,8,6,3,4,5,2,4,4,3,4
2014-06-10T00:00:01,146,107,54,61,1,10,57,56,57,58,48,54,9,21,9,11,7,5,44,45,41,34,55,38,27,34,30,35,24,21,19,19,19,21,26,15,21,29,20,24,54,47,17,21,14,13,19,29,27,33,44,44,21,21,25,27,15,18,29,16,29,22,24,20,13,24,31,30,28,41,20,22,2,1,7,10,6,9,4,5,6,6,3,1,5,7,2,3,7,3,4,1,5,5,5,4,3,3,2,1,8,8,2,2,0,0,1,1,0,0,1,1,0,0,1,1,1,6,1,1,2,2,3,0,2,0,17,17,5,4,7,7,4,5,5,5,6,5,2,3
2014-06-18T00:00:01,142,99,54,45,0,7,47,46,63,66,50,57,17,19,9,12,15,16,46,41,48,45,49,56,23,37,39,45,15,18,20,18,21,14,17,18,21,24,21,21,70,57,16,21,15,18,23,20,39,37,42,33,34,30,21,23,16,15,29,23,25,25,26,28,6,24,28,33,20,36,21,22,1,1,5,4,6,7,3,3,2,6,3,2,3,3,5,5,2,0,1,1,1,2,7,1,0,1,3,4,2,3,1,1,1,0,0,1,0,0,0,0,1,1,2,2,2,3,2,1,2,2,2,2,0,1,17,17,7,7,7,5,4,6,9,10,5,4,1,0
2014-03-25T00:00:01,102,77,48,52,3,4,32,28,33,30,35,47,10,10,10,16,13,8,36,31,18,24,37,34,13,27,28,26,12,23,17,14,13,11,10,14,12,18,18,22,53,43,13,12,11,15,26,12,25,20,25,30,20,18,23,20,18,16,15,13,15,13,18,20,8,23,27,17,18,27,16,14,0,0,0,0,12,12,5,3,0,3,1,1,2,8,2,1,4,5,1,1,7,7,4,1,2,3,3,5,5,0,2,5,3,1,0,0,0,0,1,1,0,0,1,0,3,3,1,2,4,3,1,2,0,0,9,14,6,2,6,7,4,3,3,1,4,4,1,1
2014-04-10T00:00:01,101,79,50,48,6,6,34,43,46,47,41,44,12,12,8,13,14,7,43,34,34,29,49,48,22,25,27,21,15,25,15,15,21,17,14,18,18,19,24,24,45,49,16,23,8,11,20,12,24,23,29,28,20,17,17,19,26,20,24,21,21,26,17,18,11,26,31,33,16,20,21,23,0,0,1,1,6,5,1,1,2,2,0,1,5,7,2,0,3,3,0,1,9,8,5,5,2,2,4,4,4,2,1,0,0,0,0,0,0,0,0,0,0,0,0,0,1,2,1,0,1,0,1,1,1,2,17,12,8,7,6,5,2,6,1,2,4,5,3,4
2014-07-13T00:00:01,17,21,13,8,1,7,11,15,17,24,4,2,2,5,4,2,13,7,8,4,45,37,0,19,4,5,8,6,7,10,10,7,5,6,10,11,8,8,5,4,17,6,21,26,1,2,15,9,17,15,16,3,14,17,4,5,6,7,11,7,12,7,0,6,11,7,7,14,1,6,5,5,0,0,4,4,4,6,0,2,6,5,0,1,0,1,2,2,4,2,3,3,5,1,3,2,3,5,6,6,0,0,0,1,0,0,0,0,0,0,0,0,0,0,0,0,4,4,2,0,1,0,5,4,0,1,7,3,0,2,0,2,3,3,0,0,0,0,3,5
2014-08-10T00:00:01,20,15,7,3,0,2,12,8,0,27,5,4,3,2,8,3,13,12,5,2,66,55,5,9,6,2,12,13,15,5,7,4,4,4,6,5,22,22,7,15,20,10,7,6,4,2,18,21,30,23,17,20,21,14,12,13,4,7,2,9,1,7,16,15,10,15,0,10,3,4,4,2,0,0,0,0,0,3,0,4,1,3,0,0,2,1,1,1,1,2,2,2,3,0,1,8,6,3,5,0,3,2,1,1,0,0,0,0,0,0,0,0,0,0,0,0,0,0,2,2,0,1,0,0,0,0,9,5,1,1,4,4,1,0,0,2,0,0,0,0
2014-07-31T00:00:01,135,100,53,57,9,7,39,37,55,61,45,56,16,23,8,13,18,11,46,42,63,56,67,67,33,34,30,29,19,18,24,23,29,23,25,22,24,28,30,24,57,45,11,19,11,14,22,17,35,41,33,40,35,29,32,30,19,20,20,14,28,23,30,25,15,22,0,31,19,34,22,24,3,3,4,5,11,9,0,2,2,3,3,2,3,3,0,2,4,2,2,2,2,4,4,2,3,1,4,4,3,2,2,1,0,1,0,0,1,1,1,1,0,0,0,0,4,5,3,4,5,4,2,0,0,1,16,11,4,3,5,3,2,5,0,5,4,5,3,2
2014-05-31T00:00:01,12,21,10,10,0,5,20,7,39,39,4,2,8,9,9,7,0,3,11,4,34,11,10,12,4,7,13,17,22,15,6,5,6,4,9,4,9,10,8,9,18,24,6,7,7,8,9,13,8,12,13,12,6,7,3,6,7,5,5,8,7,16,7,13,15,20,10,8,11,6,1,9,3,1,0,0,5,4,3,3,1,0,0,0,0,0,1,2,5,2,12,4,3,1,0,2,0,3,4,7,0,3,2,1,1,2,0,0,0,0,0,0,0,0,0,0,3,3,6,6,4,2,3,3,0,0,7,9,4,4,1,2,2,2,3,2,3,1,2,1
2014-07-05T00:00:01,15,21,6,8,8,12,13,8,39,31,0,2,2,4,11,12,5,8,5,8,35,37,17,12,4,3,10,10,9,6,7,9,9,5,1,8,23,20,2,3,17,17,0,8,0,0,17,11,24,19,17,7,6,12,10,11,5,12,4,2,5,4,3,7,10,7,9,5,3,2,1,1,0,0,0,2,5,5,0,1,2,1,0,0,1,1,0,0,4,4,1,0,2,1,1,0,0,1,1,0,2,3,0,0,0,0,0,0,0,0,2,2,0,0,0,0,1,1,0,0,2,2,2,2,0,0,3,4,0,0,3,5,4,1,1,1,0,0,0,0
2014-06-27T00:00:01,118,99,52,51,3,3,46,44,73,55,36,51,13,16,8,16,12,8,38,30,41,42,56,54,16,26,28,34,20,24,25,31,12,18,19,16,17,20,22,11,48,45,0,18,17,11,16,15,33,36,35,24,17,17,23,34,27,23,32,33,31,23,21,20,20,28,36,32,17,20,17,15,3,2,3,6,4,6,4,3,3,2,3,3,3,4,4,4,4,3,1,1,0,3,5,3,4,2,2,3,0,0,1,1,0,0,0,0,0,0,1,1,1,1,1,1,4,7,5,1,6,4,0,0,0,2,7,7,6,6,4,4,3,4,1,1,3,3,3,3
2014-05-28T00:00:01,144,128,53,57,0,8,46,52,56,61,43,47,7,14,9,16,7,5,48,38,60,54,77,65,31,36,20,25,29,25,24,21,19,21,20,19,21,26,18,20,66,53,13,21,12,17,24,13,37,33,38,30,20,14,20,24,25,23,21,22,37,34,21,24,20,28,27,21,18,37,18,21,4,3,4,6,10,8,2,3,3,4,1,3,3,7,1,3,4,2,1,3,7,7,5,4,5,2,3,2,8,1,1,1,0,0,0,1,0,0,1,0,0,1,1,0,4,6,5,2,3,5,3,4,3,1,13,18,8,6,9,6,5,4,4,3,5,6,4,4
2014-03-14T00:00:01,88,68,38,35,7,6,30,35,55,55,28,40,10,16,8,11,10,12,30,27,49,44,55,40,17,22,29,34,19,25,14,16,19,14,14,17,27,22,21,27,54,48,10,17,13,10,19,16,32,32,31,27,32,24,19,21,15,12,21,18,22,23,17,16,8,20,30,31,19,29,14,17,1,1,0,0,5,9,5,1,2,4,2,0,2,2,8,8,2,3,3,2,8,12,2,1,9,11,8,6,7,1,1,2,0,1,0,0,0,0,0,0,1,0,1,0,3,1,1,1,1,2,1,1,0,1,6,9,4,4,4,4,3,2,3,1,2,3,2,1
2014-04-30T00:00:01,111,99,55,55,0,10,59,40,51,45,49,52,11,19,13,17,12,11,38,32,40,36,75,76,29,38,22,34,20,27,29,31,23,19,12,12,28,30,22,23,54,43,13,22,21,16,16,22,44,38,40,31,17,17,26,17,20,18,26,27,24,15,24,18,13,25,34,42,18,32,15,19,2,1,4,6,10,6,5,5,3,3,4,7,5,6,1,2,0,1,1,1,6,5,5,2,1,3,5,4,6,2,0,1,0,0,1,0,0,0,0,0,0,0,0,0,7,6,2,2,2,3,3,5,0,0,13,14,8,7,11,8,3,3,2,3,6,6,1,1
2014-06-23T00:00:01,131,115,63,54,3,8,45,49,57,43,49,51,19,25,14,16,9,14,48,40,62,52,59,36,19,32,32,41,9,12,23,19,19,20,17,19,20,16,24,20,55,52,6,10,12,13,17,15,28,31,30,29,16,18,32,31,20,21,28,26,21,19,19,16,17,27,29,33,12,41,27,21,3,2,9,10,5,8,2,3,5,4,4,4,3,5,0,0,1,2,0,1,3,5,5,3,1,1,4,2,2,3,1,2,0,0,0,0,0,0,2,1,0,0,0,0,2,4,3,2,1,3,1,0,1,0,13,11,10,5,3,7,4,5,4,1,5,9,3,3
2014-05-20T00:00:01,123,83,57,44,0,6,38,36,64,51,43,43,11,15,8,13,19,8,39,35,33,31,42,42,30,27,41,36,23,31,33,23,18,16,16,17,22,17,20,21,53,52,13,16,20,20,17,18,0,40,34,35,0,23,21,26,20,18,19,20,32,26,29,29,17,24,29,34,18,26,18,16,6,6,5,4,8,9,4,3,2,3,1,1,5,8,1,2,2,2,2,1,5,5,3,3,0,2,6,3,3,3,2,3,1,1,0,0,0,0,1,1,1,0,0,0,1,2,3,2,0,1,2,1,0,0,12,10,6,6,8,7,3,4,2,3,5,6,3,3
2014-08-06T00:00:01,146,111,86,72,3,3,43,45,0,48,51,57,21,26,16,18,14,11,52,38,56,45,64,46,31,41,47,53,16,24,20,18,18,17,16,18,30,34,20,13,59,46,18,33,12,18,35,29,34,33,51,35,17,14,33,26,24,22,30,16,16,16,21,14,12,36,0,30,29,35,15,16,6,1,0,6,6,6,6,7,3,2,2,3,2,6,1,2,3,1,2,0,7,7,1,3,4,7,5,1,5,0,3,2,0,0,1,2,0,0,1,1,1,1,0,0,4,4,6,5,6,5,1,3,0,0,9,11,3,4,8,4,3,1,0,4,4,3,0,0
2014-08-14T00:00:01,144,113,60,57,8,5,64,49,0,57,46,50,20,21,15,14,12,7,51,40,57,48,52,45,28,35,31,46,27,31,25,25,21,19,18,24,19,22,20,21,54,42,15,23,13,8,22,23,34,33,42,42,24,19,34,26,28,28,23,19,26,21,31,20,10,27,42,40,13,29,20,18,2,2,5,3,7,6,3,3,4,4,3,3,5,5,0,0,4,3,1,1,5,8,5,5,3,4,3,6,3,2,2,3,0,0,1,1,0,0,2,1,1,1,0,0,4,2,0,2,0,1,0,1,2,0,13,14,4,3,7,5,5,4,0,3,4,3,2,3
2014-04-12T00:00:01,15,17,11,8,4,3,22,11,41,48,5,7,3,2,5,5,5,6,18,15,55,41,20,21,6,6,12,8,17,14,8,6,3,9,2,2,25,29,3,6,10,8,7,9,2,2,7,11,10,21,21,18,9,9,5,7,6,8,9,4,9,20,17,12,15,11,6,6,3,6,7,7,0,0,0,1,4,4,3,2,0,0,0,0,0,1,1,2,1,1,3,2,1,2,4,3,3,2,4,4,2,2,2,2,1,0,0,0,0,0,0,0,0,0,0,1,1,1,0,0,0,0,0,0,0,0,3,2,0,0,1,0,0,1,3,3,1,1,2,3
2014-05-07T00:00:01,119,92,49,44,0,8,47,43,52,40,33,44,11,15,9,9,21,14,43,37,36,35,59,53,38,37,16,24,19,23,25,27,18,16,12,14,16,15,21,22,53,56,13,19,16,15,17,18,43,35,31,21,21,15,24,36,24,21,27,25,24,22,27,28,5,31,26,29,22,34,19,21,4,3,5,5,10,10,5,6,6,3,8,5,6,9,3,4,0,3,1,2,6,8,9,5,6,7,2,3,7,3,2,2,1,1,1,0,0,0,0,1,0,0,0,0,5,5,4,4,3,4,3,4,1,1,11,13,8,5,5,6,5,6,3,2,5,4,2,1
2014-08-16T00:00:01,23,17,13,6,3,4,11,14,0,32,4,3,3,2,5,7,5,2,13,14,47,35,22,28,8,14,11,12,10,7,5,5,11,9,12,11,20,16,4,6,8,14,13,15,7,9,9,10,28,21,27,10,14,10,4,3,4,3,8,2,8,5,5,12,12,11,9,11,4,10,0,0,4,2,3,3,5,4,1,2,1,2,2,1,0,0,0,0,1,1,6,4,1,1,1,3,0,2,0,0,2,2,0,0,0,0,0,0,0,0,0,0,0,0,0,0,0,0,2,3,1,0,2,2,0,0,0,0,2,2,0,0,0,0,0,0,0,0,0,0
2014-06-30T00:00:01,134,96,64,64,9,5,54,49,52,57,50,53,13,17,9,8,15,6,46,46,49,51,60,52,25,40,31,39,20,25,15,24,17,11,24,21,24,29,29,30,68,54,0,19,19,14,26,21,33,39,34,28,24,20,22,21,19,20,23,21,26,21,23,23,12,22,31,32,20,42,22,23,4,4,4,7,8,9,1,1,2,3,0,0,1,3,6,8,3,3,1,1,2,6,4,2,7,6,8,3,7,1,0,1,0,0,0,0,0,1,1,0,1,0,0,0,3,3,2,1,1,2,1,2,1,0,9,16,7,7,7,5,3,2,5,1,9,9,4,4
2014-03-01T00:00:01,12,9,8,8,3,0,6,3,51,40,1,3,3,3,5,4,2,6,13,10,27,23,8,4,1,1,6,6,3,6,2,7,11,11,5,2,9,10,3,4,13,10,9,14,2,3,6,4,10,12,13,7,2,9,7,4,9,9,1,2,7,10,3,4,10,16,2,6,3,6,1,3,0,0,0,0,0,2,1,2,1,2,0,0,0,0,3,2,2,2,1,1,10,6,2,0,2,5,4,2,2,2,2,1,1,1,0,0,0,0,1,1,0,0,2,3,1,1,1,1,0,0,0,0,0,2,0,0,2,0,1,0,1,2,0,0,0,0,0,0
2014-08-09T00:00:01,18,12,7,5,8,4,9,10,0,25,6,3,7,5,5,7,4,4,6,10,27,29,11,10,9,4,11,17,15,12,11,11,6,5,4,5,6,5,10,10,8,7,7,7,0,4,7,6,24,20,18,20,14,6,4,0,2,4,5,3,8,3,6,7,19,17,0,5,5,5,4,1,0,0,0,1,1,1,0,0,1,2,1,0,1,4,6,2,2,1,6,6,1,4,1,2,4,2,4,4,1,3,0,0,0,0,0,0,1,1,0,0,0,0,0,0,4,7,6,6,3,3,4,4,3,3,6,7,2,2,3,1,2,2,0,0,0,0,3,1
2014-04-06T00:00:01,14,13,4,6,5,5,8,7,21,15,4,4,3,2,7,5,7,7,17,15,23,14,10,8,6,8,6,8,9,9,1,4,6,6,4,7,17,24,6,4,6,10,16,25,7,6,13,10,17,11,19,14,10,14,6,5,7,9,5,5,10,8,7,11,12,14,8,6,7,9,8,7,2,2,0,0,2,4,2,0,3,0,0,0,1,2,2,3,2,2,2,2,0,0,1,0,1,2,1,3,3,3,1,1,0,0,0,0,2,0,1,1,0,1,1,2,3,1,3,4,2,2,0,0,0,1,3,3,0,0,2,2,0,1,1,1,1,0,0,0
2014-03-08T00:00:01,27,16,4,6,3,3,21,17,62,53,5,6,5,7,5,4,6,10,17,21,33,28,15,9,4,8,10,10,10,13,1,2,4,7,10,14,18,28,5,3,14,14,12,13,12,6,9,9,22,20,16,16,14,6,0,2,8,11,3,8,9,11,4,3,9,16,10,5,3,5,4,5,0,0,0,0,5,3,2,4,0,0,2,4,1,1,0,1,4,3,1,0,4,3,0,1,2,2,1,1,2,0,0,1,1,0,0,0,0,0,0,1,0,0,1,0,2,3,4,3,3,4,3,2,2,2,10,7,2,2,0,0,1,3,0,0,0,0,0,1
2014-03-20T00:00:01,102,90,55,48,9,5,37,41,57,49,35,44,9,11,8,7,11,13,43,41,57,54,55,34,22,22,18,23,20,21,20,24,18,11,20,20,27,30,22,28,57,53,14,34,21,13,24,24,36,32,32,36,21,23,23,30,14,16,30,20,19,12,26,21,13,25,26,28,18,36,15,19,0,0,0,0,10,7,6,4,3,4,0,0,5,8,4,4,2,1,1,4,5,5,2,1,8,8,4,2,3,1,1,3,0,0,1,0,0,0,1,0,0,1,1,0,2,1,0,1,1,1,0,1,1,0,12,10,6,3,3,3,6,5,2,4,1,4,2,3
2014-06-28T00:00:01,20,22,14,16,7,5,18,14,34,41,4,1,7,6,2,4,9,6,10,15,47,49,31,22,7,10,13,7,13,11,4,6,13,6,11,9,11,18,4,7,7,17,0,10,11,9,18,13,26,19,17,23,6,9,9,10,4,5,1,7,15,14,17,10,12,11,15,3,4,6,3,5,0,0,3,3,3,3,2,0,2,1,2,2,3,1,0,2,5,2,0,0,0,1,2,1,2,3,2,4,1,2,0,0,0,1,0,0,0,0,0,0,0,0,1,0,4,3,5,6,1,3,5,3,0,0,3,1,1,3,1,1,0,0,1,1,2,1,1,2
2014-05-24T00:00:01,13,17,6,3,0,5,16,17,38,38,1,0,3,0,0,1,11,5,12,14,32,36,14,13,4,4,16,23,4,5,12,2,3,8,7,3,7,13,15,5,7,11,9,8,2,5,14,12,24,18,16,12,4,11,9,13,6,6,3,4,7,6,9,6,17,15,6,3,2,7,17,13,1,1,4,4,6,10,4,4,0,0,0,0,0,3,1,3,9,5,2,7,3,3,1,1,0,0,9,7,6,2,0,1,1,0,0,0,0,0,0,0,0,0,0,0,0,0,2,2,1,1,2,2,0,1,5,0,2,3,2,3,0,0,5,8,1,1,1,0
2014-04-23T00:00:01,116,95,64,49,0,9,40,46,31,32,38,54,13,17,9,14,8,8,40,33,32,29,59,35,25,28,29,30,19,22,25,28,10,16,17,17,17,19,20,13,53,50,19,21,11,17,25,24,34,27,33,33,21,13,24,29,24,24,31,35,24,21,17,21,10,21,33,41,2,2,18,13,6,5,2,4,9,10,2,3,1,3,4,4,2,6,1,4,0,1,4,1,4,3,4,6,3,3,5,3,7,3,3,2,0,0,0,0,0,0,1,2,1,1,0,0,3,4,1,1,3,2,1,1,0,1,9,6,5,5,2,4,5,6,2,1,6,6,0,0
2014-07-02T00:00:01,135,111,47,50,13,13,48,54,53,50,43,59,11,14,12,17,13,14,47,38,61,52,68,67,24,30,30,34,23,22,18,23,24,20,19,18,27,31,23,18,56,46,0,26,20,16,23,14,34,35,37,32,16,10,30,30,26,21,22,22,33,21,21,21,9,31,39,34,24,35,21,18,4,3,6,4,5,6,7,4,2,1,0,1,1,5,0,3,1,3,2,0,0,5,3,2,4,3,2,4,9,5,0,1,0,0,0,0,0,0,1,0,1,2,0,0,0,4,4,3,3,0,2,2,2,0,12,14,9,6,4,3,3,3,3,5,5,6,1,1
2014-03-09T00:00:01,17,5,4,6,3,6,8,15,91,75,5,5,3,2,6,9,8,6,13,15,68,59,26,27,0,6,13,13,8,11,2,2,6,9,4,6,35,33,4,4,8,11,13,15,4,5,5,6,16,22,8,9,23,20,7,14,5,7,11,8,11,8,11,7,15,14,10,8,4,7,2,1,0,1,0,0,2,2,0,0,5,3,0,1,4,3,2,2,1,0,1,2,1,2,7,4,2,4,3,2,4,5,2,2,0,0,0,0,0,0,5,5,0,0,2,2,1,1,5,2,0,0,2,4,1,0,9,11,0,1,2,3,4,1,0,1,0,2,4,4
2014-04-16T00:00:01,106,97,52,41,0,10,57,48,68,59,42,51,9,13,10,8,7,8,38,32,57,51,66,62,22,32,24,29,26,31,18,21,22,17,18,22,25,31,21,22,57,52,9,13,16,19,28,27,35,38,41,30,18,15,20,21,25,25,29,28,30,21,26,24,14,24,44,40,19,37,22,13,0,0,0,1,7,5,2,2,3,3,2,5,0,6,4,8,1,3,3,0,6,6,2,2,7,4,3,3,1,2,1,1,0,0,0,0,0,0,1,1,0,0,0,0,7,6,5,4,6,8,2,3,2,1,15,15,5,4,5,6,4,5,2,3,4,4,2,0
2014-03-10T00:00:01,96,53,48,39,3,3,34,34,58,53,43,46,8,12,8,15,9,8,32,28,50,40,35,34,19,26,27,27,26,21,16,21,13,13,16,13,11,17,19,16,55,52,11,13,11,14,15,16,32,39,38,32,15,13,20,23,12,11,28,23,17,17,17,22,10,28,27,37,12,32,13,11,0,0,0,0,4,6,1,2,1,0,2,3,1,8,2,1,3,3,3,2,6,5,1,2,4,4,2,3,10,3,0,1,0,0,0,0,0,0,0,0,0,0,1,0,3,1,2,2,1,2,0,2,1,0,9,11,4,3,2,4,5,1,3,4,5,4,0,1
2014-04-11T00:00:01,95,68,36,38,13,12,31,36,42,52,35,35,10,14,3,10,13,12,44,43,36,30,41,33,15,18,26,25,20,23,22,25,17,11,15,10,15,18,26,27,43,32,14,16,15,19,15,15,25,37,25,23,21,21,15,15,28,21,22,25,17,17,17,20,18,31,37,30,18,23,24,18,0,1,3,4,7,5,3,3,0,3,0,0,4,9,3,1,3,4,0,1,4,6,3,3,3,3,7,7,11,7,3,3,1,1,1,2,1,0,1,1,1,1,1,1,2,2,7,3,1,4,4,3,1,3,10,8,7,4,3,5,3,3,1,2,3,6,3,2
2014-03-27T00:00:01,91,76,53,40,8,5,36,37,49,52,37,40,12,13,9,9,12,15,40,31,37,36,55,48,20,27,23,32,12,14,12,20,26,18,12,17,22,25,24,26,62,53,16,17,13,13,16,17,41,43,26,26,21,17,25,25,25,22,20,24,13,16,27,25,11,17,35,38,14,21,17,14,0,0,0,0,7,9,4,3,4,2,0,0,2,7,2,4,5,5,2,1,10,9,2,2,2,2,6,7,3,1,1,2,2,1,0,0,0,0,0,0,0,0,0,0,1,3,2,1,1,2,2,2,2,1,13,16,6,1,5,5,4,4,6,1,1,4,1,4
2014-04-24T00:00:01,113,92,42,40,0,11,38,23,44,45,40,54,6,14,8,11,13,9,35,29,32,29,45,40,21,29,21,32,16,15,16,19,22,20,17,14,16,14,20,18,51,41,9,14,17,15,15,16,26,33,32,30,17,14,20,19,18,17,28,25,29,24,21,21,12,17,27,28,10,25,16,26,1,2,4,4,12,6,2,4,1,2,2,1,5,6,1,1,2,3,3,2,4,4,6,1,2,3,4,2,5,3,1,0,0,0,1,1,0,0,0,1,0,0,0,0,1,3,0,2,2,2,4,2,2,0,12,12,5,5,6,4,4,5,1,2,5,5,4,4
2014-08-20T00:00:01,157,126,72,60,6,15,58,43,57,59,49,57,23,24,11,11,9,12,58,47,53,45,55,61,29,34,34,41,22,27,28,26,27,20,17,20,14,23,23,19,68,54,13,22,19,18,26,27,36,37,37,35,19,17,30,26,16,18,26,25,32,24,17,27,11,38,27,27,19,33,18,15,3,1,5,5,7,6,2,4,2,4,1,1,3,6,0,1,8,9,3,2,5,5,3,3,4,5,3,2,3,1,0,0,0,0,0,0,0,0,0,0,0,0,0,0,6,5,4,3,4,3,2,2,1,3,18,12,6,5,5,6,8,8,0,5,5,5,3,5
2014-05-08T00:00:01,115,97,47,41,0,5,30,24,45,47,33,49,13,12,10,10,7,11,45,33,37,30,44,35,19,31,25,21,23,26,27,28,12,9,17,14,12,16,16,19,55,36,13,21,10,15,13,18,34,32,28,32,14,12,24,23,17,24,20,15,23,21,19,16,6,21,29,24,17,31,21,24,3,3,4,5,10,9,6,6,3,5,4,3,14,16,2,4,4,7,0,3,4,2,7,4,7,8,6,5,11,2,2,2,1,1,1,1,0,0,0,0,0,0,0,0,2,3,3,1,2,3,1,1,0,0,5,10,8,10,4,3,2,4,5,1,7,6,4,1
2014-07-12T00:00:01,22,13,6,6,7,14,20,14,45,40,5,11,5,0,6,7,7,7,10,11,46,36,0,19,7,14,10,9,8,6,4,2,4,3,6,9,16,18,7,6,9,17,8,5,9,1,15,17,18,13,17,3,3,4,0,4,7,7,8,6,7,8,0,5,10,16,8,6,3,6,4,5,5,6,3,2,4,3,4,4,0,2,0,0,1,2,5,2,0,1,2,2,2,2,9,8,2,2,3,3,0,0,4,6,0,0,0,0,2,0,0,0,2,2,0,0,4,3,7,7,0,0,0,2,1,0,3,2,0,2,1,2,1,1,0,0,1,0,2,1
2014-06-14T00:00:01,19,15,11,9,0,5,8,7,44,24,3,4,9,5,4,6,13,24,17,16,32,38,30,31,5,8,11,12,10,9,4,5,15,11,7,5,18,18,4,8,7,11,8,7,11,7,5,8,16,19,9,6,3,5,6,5,7,9,5,5,9,7,12,9,0,0,5,6,4,7,7,3,1,1,4,5,3,7,2,2,1,3,1,0,1,2,2,2,1,0,4,3,5,6,1,1,1,3,1,0,8,5,0,0,0,0,0,0,0,0,0,0,1,1,0,0,2,3,3,2,0,0,0,0,5,4,9,11,0,1,4,2,0,0,2,2,1,2,1,0
2014-07-14T00:00:01,152,97,53,61,6,8,44,49,46,30,59,66,17,20,15,14,17,14,45,40,48,41,22,31,28,32,33,42,27,25,25,22,23,17,16,18,20,14,26,23,58,47,8,24,18,26,27,20,34,37,36,31,14,16,29,25,16,16,22,24,24,26,0,25,11,25,47,46,21,35,20,21,2,2,6,5,5,7,0,2,4,2,1,2,2,6,4,2,4,4,1,2,2,1,7,5,3,4,5,6,5,0,0,0,0,0,0,0,0,0,0,0,0,0,0,0,3,4,1,1,3,3,0,0,2,1,15,21,7,8,8,6,5,4,5,3,7,5,4,4
2014-06-26T00:00:01,130,129,63,54,13,13,45,36,55,45,47,49,13,16,10,15,11,9,56,46,43,43,62,50,26,38,29,33,21,19,20,29,26,20,18,21,30,28,21,21,65,52,0,24,22,16,23,26,48,41,45,42,14,13,29,36,21,20,37,33,32,30,28,28,11,20,36,40,19,31,19,22,3,2,6,7,6,7,2,3,3,4,2,2,3,5,4,4,5,3,3,1,2,2,9,7,3,5,8,9,5,0,1,3,0,0,0,0,0,0,2,0,0,0,0,0,2,2,0,0,2,2,1,2,0,0,7,10,7,10,7,6,1,3,3,3,9,4,3,3
2014-03-04T00:00:01,104,90,46,40,6,7,35,38,33,29,42,43,9,12,15,13,10,6,31,29,32,32,43,34,17,25,23,20,18,25,8,13,18,12,13,7,15,16,21,20,49,41,9,18,10,11,20,19,26,31,24,25,15,10,16,18,23,17,27,24,26,20,18,19,5,21,27,34,12,27,13,17,0,0,0,0,6,5,6,1,2,3,4,1,3,8,1,1,1,1,0,1,2,2,0,0,5,5,3,4,4,1,1,1,0,0,0,0,0,0,1,1,0,0,0,0,1,1,2,3,4,4,0,1,1,0,13,14,5,3,7,6,3,4,3,4,3,3,4,3
2014-08-05T00:00:01,144,92,70,61,8,7,52,55,0,45,53,56,28,30,13,10,14,9,55,46,49,47,64,64,24,28,35,49,17,20,24,23,24,15,24,20,23,17,27,29,70,38,23,40,21,14,27,31,41,41,41,27,24,29,39,39,33,30,31,22,22,21,21,24,9,25,0,37,23,32,17,21,9,8,7,7,7,5,3,4,7,5,1,1,6,7,0,0,3,2,1,1,6,9,5,3,5,6,2,1,1,0,1,2,0,0,0,0,0,0,2,1,0,0,0,0,4,2,3,4,4,4,3,3,1,2,14,13,4,6,6,6,3,3,0,1,6,5,4,3
2014-08-26T00:00:01,172,120,75,64,4,8,65,57,64,63,57,67,22,23,18,18,10,11,59,61,54,48,67,69,25,35,35,49,34,39,28,38,23,19,17,18,26,28,27,28,59,45,15,23,25,25,34,32,57,56,48,37,21,20,28,28,17,18,25,26,31,24,37,35,16,41,39,43,17,35,22,23,4,4,7,6,7,8,7,6,6,4,6,4,7,8,4,3,0,7,3,2,0,2,5,5,9,10,7,4,12,10,1,2,0,0,0,0,0,0,1,0,1,1,0,0,4,4,2,2,2,3,1,0,0,0,21,16,3,4,9,7,7,6,0,8,4,3,0,0
2014-07-11T00:00:01,112,80,54,55,14,6,44,36,50,39,42,45,13,16,10,13,16,13,46,39,58,35,0,41,19,26,29,33,10,25,25,26,23,17,21,17,21,25,16,18,61,47,9,11,13,16,21,25,36,37,34,31,12,17,32,21,22,17,16,19,27,21,0,16,14,28,35,32,14,26,20,15,2,0,2,9,3,3,3,4,3,2,2,2,1,5,1,4,1,1,1,0,6,4,2,1,1,0,2,2,4,2,1,2,0,0,0,0,0,1,2,1,0,0,0,0,6,5,2,1,2,2,2,4,4,5,11,11,7,4,5,6,4,5,3,3,3,2,2,2
2014-07-08T00:00:01,138,103,64,57,7,9,48,49,52,56,49,52,17,13,7,11,10,7,49,39,34,35,55,51,27,33,27,37,19,20,26,26,24,21,12,9,18,22,23,22,67,60,10,16,9,16,21,20,38,35,38,28,13,15,26,25,26,21,29,21,22,13,0,26,12,28,22,22,14,35,24,24,2,1,6,7,5,4,2,1,2,4,1,1,2,5,6,6,1,2,0,1,8,7,2,0,3,4,4,4,6,3,1,1,0,0,0,0,0,0,1,1,0,0,0,0,7,4,1,1,3,5,0,1,0,0,18,17,10,7,11,9,3,6,5,4,6,9,4,5
2014-05-12T00:00:01,130,105,63,54,0,7,53,60,63,50,43,55,11,13,15,17,11,14,41,38,44,31,49,43,25,34,30,36,23,25,31,26,18,13,16,18,24,26,15,20,54,53,10,21,12,17,22,22,14,28,28,27,28,13,25,28,18,16,33,20,28,22,23,22,15,24,33,40,18,28,22,23,5,4,4,4,9,7,2,2,2,2,6,6,3,7,2,2,0,2,4,1,1,1,5,3,1,3,2,3,4,2,1,1,0,0,0,0,0,0,1,1,0,0,0,0,1,1,2,1,1,1,2,2,1,2,10,15,4,3,4,3,3,5,6,3,3,4,4,1
2014-06-08T00:00:01,19,24,7,6,0,3,19,26,38,40,7,6,5,3,1,0,4,5,8,10,63,50,22,25,5,8,19,16,14,13,2,3,7,5,6,6,15,20,2,2,9,11,8,8,5,9,15,8,26,12,13,6,8,13,7,6,9,10,5,8,13,19,17,11,11,13,16,13,7,14,4,4,0,0,3,3,1,1,0,1,1,2,1,0,2,0,4,6,0,2,3,6,7,8,10,5,1,4,7,5,3,0,0,0,0,0,0,0,0,0,0,0,0,0,0,0,4,7,2,0,2,3,4,3,1,1,1,2,1,2,0,0,2,1,1,1,2,0,1,1
2014-04-09T00:00:01,107,89,45,46,5,9,39,43,51,50,32,44,9,12,10,10,16,12,35,39,47,45,57,49,27,26,29,34,18,24,19,26,19,16,15,16,18,17,20,24,57,51,20,19,19,13,17,18,41,33,33,33,23,14,27,27,19,16,22,26,21,21,20,16,13,25,30,29,24,32,23,24,0,0,1,0,6,6,2,2,2,4,3,4,4,4,1,1,1,4,2,1,4,3,4,3,2,3,5,3,3,1,3,3,0,0,1,1,0,0,1,1,1,1,0,0,2,7,1,2,3,2,6,3,2,1,7,10,8,6,5,4,4,3,1,1,6,6,2,2
2014-03-28T00:00:01,95,75,46,47,6,7,34,37,43,46,33,44,6,15,9,12,17,6,32,27,34,30,46,37,16,19,19,25,24,20,25,18,17,10,9,12,14,20,14,14,35,38,11,14,12,19,12,16,30,24,25,32,25,17,17,15,17,20,31,26,22,14,18,19,11,20,31,31,17,27,18,18,0,0,0,0,9,8,5,6,5,5,2,5,8,9,3,2,5,3,1,3,3,4,2,1,4,3,5,6,3,0,0,2,0,0,2,1,0,0,1,0,0,0,1,1,2,3,3,3,2,1,1,2,0,1,10,11,7,2,8,9,2,2,3,2,4,4,3,5
2014-03-03T00:00:01,90,68,21,36,3,7,24,25,25,35,35,43,2,8,7,9,9,4,25,19,22,19,37,23,17,12,16,12,11,18,11,14,9,8,9,6,5,12,19,17,39,29,3,11,8,5,9,16,25,24,24,24,13,12,18,11,15,9,22,20,15,9,12,9,7,20,22,22,16,29,14,11,0,0,0,0,8,6,0,2,0,2,1,1,2,5,1,3,1,2,3,1,2,2,1,1,5,4,1,2,5,2,1,1,1,0,0,0,0,0,0,1,0,0,1,0,3,3,3,4,2,4,6,1,1,3,15,12,4,6,8,5,4,8,2,2,5,6,1,1
2014-08-24T00:00:01,17,19,4,5,7,6,9,6,28,34,1,3,0,0,4,2,13,3,8,10,36,26,9,7,5,5,5,10,9,8,5,5,2,6,3,6,17,16,2,10,9,4,14,13,3,2,15,11,10,14,15,12,8,8,8,12,8,8,2,1,4,9,6,9,9,7,8,7,4,3,3,2,1,1,0,0,2,4,3,3,0,0,0,0,1,0,0,0,0,0,1,0,0,2,2,2,0,0,2,1,0,0,2,0,0,0,0,0,0,0,0,0,0,0,0,2,1,1,1,1,4,3,3,4,2,1,4,6,0,2,1,0,3,3,0,0,1,0,1,0
2014-04-08T00:00:01,109,96,66,57,9,16,50,41,55,56,50,58,14,15,9,13,10,10,36,41,48,44,68,59,26,34,32,32,17,24,31,27,15,10,25,22,26,25,27,27,69,56,17,23,15,22,21,19,40,43,37,29,24,16,21,25,25,23,32,37,28,28,29,28,13,23,43,45,25,38,19,22,0,0,0,0,5,4,5,5,3,1,3,3,3,5,2,1,1,1,3,3,6,4,3,2,4,5,2,4,3,2,2,0,0,0,1,1,0,0,0,1,0,0,0,1,3,3,2,3,3,3,2,0,0,1,9,10,6,4,4,4,4,4,3,2,5,6,0,1
2014-08-01T00:00:01,129,99,40,41,5,6,39,33,28,62,35,45,14,21,9,10,10,11,41,39,57,48,50,32,21,22,41,48,22,23,28,24,21,21,23,25,27,23,23,25,46,34,16,15,10,12,23,19,35,41,35,31,32,18,26,22,19,31,28,19,26,21,22,16,14,22,0,37,20,19,23,21,2,1,9,9,8,8,0,8,3,2,11,9,1,5,4,4,7,8,3,2,8,8,2,2,8,8,3,2,11,6,3,1,0,0,1,2,0,0,0,1,2,2,0,0,2,2,2,2,3,1,1,2,0,1,14,6,5,5,5,6,0,5,0,2,4,5,3,2
2014-07-15T00:00:01,127,95,76,69,3,11,40,46,54,44,53,61,17,18,17,19,10,11,54,50,44,46,53,45,27,38,38,38,19,23,28,33,24,27,24,15,29,32,29,23,60,62,17,31,20,18,23,19,41,32,37,24,27,23,28,28,15,17,27,20,17,24,3,22,20,30,29,21,20,35,24,24,2,1,5,9,7,7,0,2,2,2,5,5,3,7,3,2,3,3,2,2,3,3,7,5,3,3,3,0,4,1,1,3,0,0,0,0,0,0,2,1,1,0,0,0,3,5,5,5,4,1,0,1,0,0,21,17,7,5,9,12,6,8,5,5,4,5,3,3
2014-03-16T00:00:01,13,21,6,8,6,0,9,14,43,46,3,2,5,6,4,8,7,4,8,10,43,33,20,20,2,13,9,8,18,14,5,8,3,13,6,11,19,22,4,5,10,16,11,14,4,5,16,13,36,14,24,17,7,7,11,7,10,5,5,5,4,1,11,13,11,11,4,8,13,8,1,7,0,0,0,0,3,1,0,0,0,1,0,0,1,0,2,2,2,2,2,0,7,4,1,2,2,3,8,3,0,4,0,1,1,0,0,0,0,0,1,1,0,0,0,0,4,4,4,4,1,0,3,2,2,2,0,2,0,1,0,0,0,0,2,1,0,1,1,0
2014-03-29T00:00:01,4,3,1,4,1,3,3,1,6,3,0,0,2,2,0,0,2,3,3,0,13,6,6,5,0,2,4,4,4,1,1,1,4,3,1,3,4,4,0,0,3,3,2,4,0,3,4,6,4,6,3,6,0,2,5,1,1,2,2,5,3,3,1,1,5,3,5,4,3,3,3,2,0,0,0,0,2,1,1,2,0,1,0,0,0,0,0,1,0,0,1,0,0,1,0,0,0,0,1,0,0,0,0,0,0,0,0,0,0,0,0,0,0,0,0,0,0,0,0,0,0,0,1,1,0,0,2,1,3,2,1,1,0,2,0,0,0,0,0,0
2014-07-09T00:00:01,154,125,77,67,12,12,49,49,60,60,47,52,19,22,11,17,14,10,61,47,46,37,62,46,31,39,34,36,18,19,18,27,24,16,19,20,24,25,29,25,62,60,9,21,11,16,30,33,35,35,41,34,19,17,34,24,22,29,23,26,20,21,0,21,16,33,39,44,20,25,27,24,2,2,3,5,6,7,2,3,5,6,2,3,2,4,9,4,3,3,1,2,8,8,1,4,2,6,4,3,8,1,2,0,0,1,0,0,1,1,0,1,1,1,0,0,4,6,4,2,7,3,1,4,0,1,15,20,5,7,5,4,8,6,7,3,6,8,3,1
2014-04-02T00:00:01,92,74,52,47,6,10,35,49,37,35,29,31,6,11,11,10,9,8,34,31,34,26,43,32,19,19,20,27,16,27,25,22,17,18,16,18,18,17,24,24,52,49,17,17,12,9,18,16,38,37,27,22,17,19,27,25,22,23,19,17,18,17,20,17,11,22,30,33,15,27,20,17,1,0,0,0,6,8,2,2,2,3,0,0,4,6,1,4,0,1,2,1,4,2,3,2,4,3,2,3,5,4,2,1,0,0,0,1,0,0,1,1,0,0,0,0,3,3,1,0,1,2,2,2,1,1,11,10,8,6,3,7,4,3,2,1,4,5,2,2
2014-06-01T00:00:01,22,11,5,5,0,5,16,17,40,36,6,4,7,8,7,8,6,4,7,9,26,38,11,13,6,9,7,8,15,15,5,10,8,4,11,15,13,12,8,6,9,15,12,10,9,8,11,9,15,13,14,13,21,15,8,8,6,9,9,9,11,3,8,5,4,12,8,6,6,5,2,2,6,6,7,2,1,5,1,1,5,7,2,2,4,0,4,4,7,11,2,2,7,7,5,4,2,2,3,4,4,3,0,1,1,0,0,0,0,0,0,0,0,0,0,0,8,7,0,2,0,1,2,2,2,0,10,3,1,1,0,5,0,1,2,3,1,1,3,3
2014-06-19T00:00:01,115,98,62,59,0,9,44,44,60,56,60,69,14,19,13,18,14,8,50,32,46,47,64,49,23,29,25,29,22,26,10,17,16,14,18,17,26,35,22,21,65,53,14,17,13,11,22,21,40,32,50,46,22,25,27,24,19,19,28,31,30,33,20,27,9,22,35,29,20,32,20,24,4,4,4,5,5,7,4,3,3,3,1,1,2,3,8,10,3,0,2,0,4,3,2,1,2,2,5,5,9,7,1,2,0,0,0,0,1,0,1,1,0,0,0,0,2,5,3,1,0,2,1,0,1,0,7,6,6,5,3,5,3,2,5,6,6,6,1,0
2014-03-18T00:00:01,109,82,53,33,8,5,39,40,59,54,41,55,7,16,15,12,10,7,34,37,44,50,48,43,23,30,27,23,16,25,22,15,21,22,20,20,26,31,21,26,54,47,17,21,13,11,16,20,31,44,32,30,24,19,27,26,31,26,27,26,23,21,28,24,16,24,42,46,18,31,15,14,0,0,0,0,1,5,2,1,2,2,2,3,1,3,1,1,0,0,0,0,4,4,9,7,3,2,5,3,3,3,5,4,1,1,1,2,0,0,2,2,0,0,3,3,2,1,4,2,1,5,4,3,1,0,8,14,3,3,7,7,4,1,2,0,2,3,2,1
2014-06-22T00:00:01,6,13,8,8,1,1,8,4,31,34,1,7,7,7,4,4,7,7,10,8,44,35,17,17,4,5,7,10,11,6,4,6,11,8,3,2,6,19,3,3,13,11,7,12,4,1,16,10,20,15,27,24,4,4,1,4,10,10,6,6,14,11,10,12,5,4,11,12,7,8,0,1,0,0,13,12,3,4,4,5,6,9,0,0,2,2,1,1,13,11,2,2,8,8,2,0,6,4,4,8,4,1,1,1,0,0,0,0,0,0,0,0,1,1,0,0,0,0,7,9,1,2,7,4,3,3,8,6,2,0,1,2,2,5,0,0,1,1,3,3
2014-07-03T00:00:01,90,77,48,51,12,10,38,39,57,36,34,42,11,15,12,10,8,7,34,26,70,59,39,28,26,33,26,34,15,20,12,21,15,12,16,16,13,27,18,21,57,51,14,12,8,22,20,27,36,34,38,33,11,9,19,18,14,12,19,19,29,19,11,12,11,23,29,25,10,20,13,15,5,1,5,6,6,2,0,2,1,1,1,1,2,4,5,5,7,6,2,4,0,4,7,4,5,6,3,4,4,1,1,2,0,0,0,0,0,0,1,0,0,0,0,0,2,3,7,4,1,1,4,3,0,0,9,9,4,4,1,2,2,3,2,2,4,4,2,3
2014-06-13T00:00:01,115,87,63,59,0,8,41,40,63,49,50,44,9,13,12,9,14,6,38,33,48,39,51,49,17,27,25,32,21,28,18,24,15,13,14,18,25,23,22,24,61,55,14,22,8,12,32,26,26,37,32,33,23,27,29,28,26,20,33,25,28,27,24,23,8,24,27,31,17,34,19,19,1,2,3,5,4,5,1,3,3,3,3,2,3,6,6,7,5,4,2,1,5,3,3,1,2,2,5,5,4,1,1,1,0,0,0,0,0,0,1,1,0,0,0,0,2,5,1,1,3,2,2,0,2,3,9,12,4,2,8,7,3,5,4,3,2,2,2,0
2014-06-06T00:00:01,113,81,59,47,0,9,33,41,56,57,45,48,15,17,9,7,13,9,49,40,58,41,49,48,35,36,22,27,18,31,27,27,18,15,15,15,22,25,20,25,56,47,11,19,14,19,15,22,29,37,32,27,16,17,27,29,14,22,28,27,26,25,33,23,15,24,28,27,18,27,15,17,3,2,5,4,3,2,4,4,3,3,4,5,3,4,7,7,3,4,2,3,11,11,0,3,8,6,3,1,8,6,1,1,0,0,1,0,0,0,0,1,0,0,0,0,5,3,3,3,1,2,2,2,3,1,12,9,2,2,7,5,0,2,2,3,3,4,0,4
2014-07-25T00:00:01,120,93,69,58,7,13,52,41,58,53,43,47,25,22,15,15,12,10,44,40,55,47,48,50,25,30,39,49,14,17,25,26,26,24,20,22,19,15,14,19,58,46,11,21,18,17,21,19,41,39,24,26,17,14,22,24,17,21,19,16,27,26,23,23,19,26,34,33,0,39,21,20,2,2,5,6,3,5,1,3,2,3,5,3,3,3,7,8,2,2,2,1,4,7,2,1,2,2,6,1,5,5,2,1,0,0,0,0,0,0,1,2,1,1,1,1,2,2,6,5,2,2,2,3,0,1,9,10,7,6,5,3,4,7,1,1,5,4,2,1
2014-05-06T00:00:01,112,107,68,53,0,7,45,50,50,49,37,52,11,19,10,5,16,8,40,38,34,32,43,38,29,32,20,27,18,19,16,22,19,15,11,14,20,27,12,16,69,55,9,18,17,22,20,16,35,25,34,29,18,16,21,17,23,23,29,17,28,22,26,25,21,27,23,28,18,32,18,17,2,3,4,3,7,7,5,4,1,6,3,4,3,6,4,4,3,3,2,2,6,5,1,2,3,5,8,4,8,3,3,3,0,0,1,1,0,0,0,0,0,0,0,0,6,5,3,2,1,6,6,4,1,1,6,9,5,6,6,3,2,1,1,1,4,3,2,2
2014-05-16T00:00:01,117,79,44,49,0,10,30,40,64,64,41,44,13,12,19,14,11,12,48,39,59,50,58,55,20,23,31,26,28,26,28,25,15,16,18,16,13,17,22,23,52,44,20,17,17,24,16,13,0,29,41,44,21,18,27,24,19,23,22,25,21,27,30,17,19,36,31,26,16,24,15,15,3,3,5,3,9,4,1,2,2,1,1,1,0,7,0,1,1,3,2,3,8,8,6,5,4,4,3,4,4,0,3,2,0,1,0,0,0,0,2,2,0,0,0,0,0,1,6,7,1,2,2,2,1,0,6,6,4,3,4,5,3,3,6,5,3,3,2,1
2014-05-29T00:00:01,116,103,59,48,0,6,41,36,58,57,40,44,6,14,6,7,11,7,58,53,49,42,43,42,30,43,22,21,19,22,21,24,21,23,16,19,23,27,26,21,49,58,11,16,10,15,23,24,43,42,36,28,26,22,28,19,19,22,27,27,29,28,25,26,18,26,24,19,24,26,17,23,3,3,6,6,6,8,4,4,5,6,2,1,1,6,3,1,7,4,2,4,7,9,3,2,3,2,9,5,9,3,1,3,1,0,0,0,0,0,2,1,0,0,1,1,10,7,8,6,3,8,2,1,0,0,10,15,6,6,6,3,4,6,4,2,4,5,3,1
2014-05-30T00:00:01,104,89,45,43,0,3,37,44,63,56,31,39,6,16,11,16,10,9,32,27,45,39,45,48,24,27,27,33,18,22,25,26,21,19,21,16,11,16,19,17,51,40,12,18,11,15,28,29,30,34,32,27,17,16,18,18,13,13,27,25,29,19,19,12,18,29,35,25,18,29,20,19,5,4,3,5,8,8,3,3,3,5,3,4,5,7,1,1,3,3,1,1,5,6,3,4,3,2,4,2,5,1,2,5,2,0,1,0,0,0,2,1,0,0,0,0,2,2,5,5,2,2,0,0,1,1,8,8,4,7,2,3,2,1,5,5,6,3,1,1
2014-05-27T00:00:01,130,101,65,53,0,2,53,63,52,47,45,48,16,20,7,9,12,11,39,40,44,46,62,57,23,29,26,29,24,25,25,21,27,23,18,16,20,20,21,25,61,58,20,18,19,18,15,19,25,35,33,36,21,18,17,21,29,20,28,25,27,29,20,19,18,30,27,27,18,29,14,16,3,3,5,7,5,5,1,2,2,3,1,1,6,7,1,2,1,0,2,2,4,3,5,4,0,1,5,2,4,1,1,2,1,0,0,1,1,0,2,1,1,1,0,1,0,2,3,1,1,3,1,0,1,0,17,17,5,4,8,7,4,7,6,6,3,4,3,1
2014-08-22T00:00:01,146,97,45,57,11,10,62,60,59,67,41,46,17,25,10,13,10,8,51,40,60,61,55,52,25,28,30,40,14,23,21,19,27,24,14,20,20,26,22,25,57,50,13,23,19,24,21,21,34,32,43,34,24,21,1,0,22,18,24,23,30,25,26,20,9,24,26,26,15,22,18,21,1,2,5,2,10,11,4,4,2,4,2,4,8,8,1,2,2,2,2,0,6,3,8,8,3,5,7,6,4,1,0,2,0,0,0,0,0,0,2,0,0,0,0,0,0,3,1,0,1,1,1,1,2,0,13,14,5,3,9,2,7,8,0,5,3,5,2,2
2014-04-19T00:00:01,16,13,4,8,0,7,9,7,33,26,7,5,3,5,3,2,6,4,16,11,47,36,16,18,4,7,6,3,10,8,6,3,5,3,10,9,12,7,7,13,15,24,14,11,3,7,11,15,10,8,17,14,7,14,2,9,5,5,4,7,17,9,9,10,15,20,9,9,7,8,10,10,0,1,0,0,5,7,0,0,1,1,1,1,3,0,1,1,4,4,1,1,2,4,2,0,4,2,7,8,0,1,3,0,0,0,0,0,0,0,0,2,0,0,0,0,3,3,2,2,0,0,1,0,0,2,1,1,0,0,0,0,0,0,4,4,1,1,0,0
2014-05-19T00:00:01,124,89,54,49,0,9,41,31,61,64,42,47,12,17,16,13,13,21,34,38,41,41,37,34,24,26,30,33,21,20,17,23,20,15,25,14,14,17,19,16,59,42,15,22,14,11,21,16,0,25,38,33,0,17,25,23,14,17,25,16,32,24,26,26,17,21,34,39,22,38,18,17,2,2,3,4,9,9,4,4,2,3,2,2,2,3,3,3,0,1,1,3,6,4,5,3,2,4,5,4,4,2,4,3,1,1,1,1,1,1,1,0,1,3,0,0,1,0,3,2,2,3,4,3,1,2,15,12,4,5,3,3,5,6,3,4,6,7,3,3
2014-08-15T00:00:01,128,95,70,68,7,9,45,50,0,47,36,49,21,26,16,14,10,10,46,36,50,49,67,54,14,21,31,35,16,18,32,27,16,20,21,18,19,17,17,16,52,26,13,17,19,20,33,26,25,45,24,29,11,9,30,24,25,20,29,27,30,24,26,21,22,32,30,23,23,32,13,13,4,4,5,5,5,6,4,3,3,3,2,3,5,5,2,0,1,3,4,6,9,8,2,1,3,3,5,4,8,8,1,1,1,0,0,0,0,0,0,1,0,0,0,0,3,0,1,3,0,3,2,2,3,1,17,16,2,1,7,4,8,10,0,1,3,3,1,3
2014-06-25T00:00:01,127,109,45,42,9,8,48,58,49,52,51,63,22,17,10,11,7,6,50,42,45,43,62,47,29,35,30,35,10,17,18,19,19,15,16,17,20,22,22,17,62,57,0,19,10,7,23,21,32,35,38,37,17,16,27,24,22,22,27,22,30,26,32,24,13,27,36,42,22,26,23,24,4,3,6,6,5,5,4,4,6,4,2,1,4,11,5,4,5,5,1,0,0,2,5,4,5,5,4,4,7,4,1,3,0,0,0,0,0,0,1,0,2,1,1,1,3,8,1,1,1,0,4,2,1,1,13,15,5,6,6,4,3,4,4,3,6,5,2,0
2014-05-02T00:00:01,104,76,45,42,0,10,40,40,43,40,29,33,12,13,9,14,11,10,34,36,27,27,38,33,16,19,32,31,22,30,23,20,19,14,15,16,23,25,24,27,62,42,8,19,16,20,17,19,30,26,43,34,19,16,18,22,15,23,20,21,23,18,16,18,17,25,29,35,17,22,19,22,2,2,1,2,8,9,5,6,4,1,2,2,6,7,1,2,2,2,2,1,11,12,4,7,8,6,2,2,8,2,1,1,0,0,0,0,0,0,1,1,0,0,0,0,3,5,3,4,2,2,4,2,0,0,8,6,3,1,2,3,4,4,1,2,2,3,3,3
2014-04-21T00:00:01,120,98,52,56,0,4,42,38,47,44,35,55,10,12,9,9,13,7,38,31,30,29,50,36,24,26,27,34,13,21,14,22,15,10,12,19,15,15,17,21,45,49,14,18,9,18,25,15,43,37,35,27,15,13,26,21,17,16,26,23,27,22,21,20,10,20,31,43,2,0,17,16,2,2,3,3,5,5,4,4,1,1,2,5,2,9,6,4,0,1,2,2,5,6,2,1,4,4,3,1,9,3,4,3,1,1,0,1,1,1,2,2,1,1,1,1,4,1,2,1,0,4,3,3,1,1,14,17,4,2,4,2,5,7,4,2,3,5,3,2
2014-04-17T00:00:01,105,82,61,53,0,12,30,32,61,67,37,48,10,13,11,9,20,15,37,35,47,39,54,41,23,39,30,28,15,25,19,20,20,18,15,16,17,30,19,23,62,50,12,22,16,16,23,14,44,34,36,30,17,12,22,23,25,28,25,20,28,21,21,25,22,32,37,29,16,36,12,19,0,0,0,1,9,7,5,4,4,2,0,0,2,6,3,3,4,4,2,1,6,5,8,5,2,2,3,3,4,2,3,2,1,1,0,0,0,0,0,1,0,0,0,0,5,3,2,2,0,2,2,3,1,0,9,13,4,3,8,3,3,4,3,4,2,2,1,1
2014-03-26T00:00:01,74,50,47,28,4,4,32,18,33,22,23,20,6,7,8,9,8,5,25,26,18,19,24,25,10,14,18,15,10,19,11,6,9,9,6,13,12,12,10,14,37,38,9,11,7,14,22,19,15,20,21,28,10,11,6,20,11,11,11,11,13,17,23,23,13,14,20,25,15,24,18,18,0,0,0,0,10,7,4,4,1,1,0,2,6,8,3,3,4,3,1,0,3,3,1,2,1,2,1,2,4,2,1,3,2,0,0,0,0,0,0,0,0,0,1,1,0,2,4,2,2,2,1,0,0,1,9,11,4,4,6,4,2,2,2,2,2,2,2,2
2014-06-24T00:00:01,147,107,59,44,3,5,49,50,57,59,58,59,21,24,17,18,14,9,45,43,37,43,60,51,18,34,36,37,18,17,23,23,26,22,19,17,30,35,25,28,64,66,20,22,14,13,18,24,40,35,39,36,18,21,26,31,29,27,21,24,25,26,21,19,11,27,38,36,23,37,26,26,3,4,5,7,6,6,4,4,6,4,4,3,6,11,5,6,10,11,1,1,0,3,3,1,6,3,9,9,11,6,2,1,0,0,0,0,0,0,1,1,0,0,0,1,2,2,1,0,1,1,4,4,3,4,15,15,5,6,9,6,5,6,3,4,6,5,3,4
2014-06-17T00:00:01,137,101,51,42,0,11,52,49,58,52,54,45,16,20,15,26,18,12,39,45,52,49,49,53,23,38,24,28,24,21,30,26,19,15,20,15,22,22,20,12,62,59,14,17,12,18,15,23,27,34,33,29,14,14,23,18,19,17,23,25,23,27,25,25,12,19,34,37,22,37,26,24,3,3,8,6,5,5,3,2,3,5,5,8,4,4,8,7,1,0,2,3,1,1,2,3,0,1,4,4,2,1,1,1,0,0,0,0,0,0,1,1,0,0,0,0,4,3,3,2,3,5,1,1,0,0,17,17,8,6,7,6,3,5,5,6,8,9,1,0
2014-06-02T00:00:01,131,114,59,58,0,7,53,59,53,45,55,52,18,16,13,14,13,10,45,38,55,50,55,52,23,31,42,37,29,34,18,26,15,14,18,21,19,14,24,23,71,52,14,16,11,17,25,28,33,37,45,46,21,17,31,37,16,19,21,23,23,24,30,22,13,18,27,40,23,31,22,24,7,7,6,6,7,8,1,1,4,3,3,3,2,5,9,9,9,10,4,2,6,6,2,1,3,3,4,3,3,1,0,1,0,0,0,0,0,0,1,0,0,0,0,0,6,3,3,2,1,4,1,1,1,2,16,18,6,5,7,6,6,6,4,3,5,4,1,3
2014-07-04T00:00:01,11,8,11,12,7,7,13,5,20,33,4,1,3,1,3,5,2,4,5,5,73,38,6,5,1,8,7,6,5,0,5,9,4,6,3,4,11,20,6,5,10,10,0,8,0,4,14,10,18,15,10,17,23,18,10,11,5,4,6,3,9,8,5,9,6,8,6,15,3,3,2,2,4,4,2,3,0,0,3,4,0,0,0,3,2,2,5,3,9,8,2,1,0,0,5,4,0,0,4,4,5,5,1,1,0,0,0,0,0,0,0,0,0,0,0,0,1,1,1,0,0,1,0,0,0,0,4,3,0,1,0,2,2,1,4,4,2,1,0,0
2014-03-21T00:00:01,93,87,33,25,9,8,40,28,33,41,29,43,11,20,13,13,10,9,30,27,42,29,39,35,14,22,25,29,25,30,24,22,13,16,12,6,18,23,26,29,53,41,13,28,15,22,18,17,27,29,33,29,24,17,20,20,26,20,29,28,19,15,23,24,18,23,34,26,12,22,18,20,0,1,0,0,8,6,3,2,2,1,3,4,4,7,3,4,1,2,3,1,3,5,3,2,3,3,1,2,9,4,0,0,0,0,0,0,0,0,0,0,0,0,0,0,2,1,5,6,1,2,1,2,3,3,9,6,4,4,0,2,2,2,1,2,4,3,4,3
2014-07-20T00:00:01,6,6,10,10,7,12,11,7,39,42,5,4,0,2,4,3,7,9,6,7,44,38,8,6,1,4,8,8,7,10,7,9,0,2,4,5,14,13,2,2,11,10,15,19,13,8,13,11,25,15,18,18,7,6,3,4,0,6,4,4,7,3,13,9,6,8,10,12,0,3,5,3,0,0,5,6,0,1,0,1,0,3,0,0,0,0,2,2,0,0,0,0,5,4,6,6,3,3,4,1,0,0,0,0,0,0,0,0,0,0,2,2,0,0,0,0,7,3,8,9,0,0,3,7,2,2,9,5,1,1,0,1,4,7,0,0,1,0,3,3
2014-07-22T00:00:01,166,115,65,58,9,11,47,54,58,59,51,55,19,22,9,14,14,14,54,48,52,44,43,47,34,38,38,42,18,15,21,25,26,26,13,21,27,28,24,23,60,45,22,25,25,24,28,24,37,35,37,40,25,24,29,30,18,17,28,34,23,18,34,24,14,26,31,40,0,34,21,19,2,2,6,5,9,10,2,2,1,2,2,3,2,5,1,4,3,3,6,5,2,4,2,1,1,1,4,2,6,2,1,1,0,0,0,0,0,0,1,1,0,0,0,0,8,5,5,3,2,3,0,2,0,2,16,12,4,6,7,9,2,3,4,5,6,5,1,0
2014-03-02T00:00:01,13,7,1,4,1,0,0,4,8,12,1,3,1,3,1,2,3,2,5,4,12,17,10,10,3,4,2,4,5,3,2,0,3,6,6,4,11,11,6,3,8,3,3,5,1,2,7,3,12,11,3,7,1,5,4,3,4,5,6,0,6,5,5,2,4,2,7,5,2,6,4,5,0,0,0,0,1,0,1,2,1,0,0,0,2,2,4,2,2,2,0,0,0,1,2,2,0,0,1,1,2,3,0,0,0,0,0,0,0,0,0,0,0,0,0,0,0,0,1,1,0,0,0,0,0,0,5,3,1,1,2,0,1,5,0,0,3,3,6,6
2014-03-15T00:00:01,23,19,4,10,7,4,23,16,38,41,4,3,0,6,5,8,6,6,18,16,50,35,28,22,3,3,7,13,18,7,3,3,3,7,16,13,17,22,2,3,14,23,14,27,8,1,11,19,23,26,15,8,14,17,1,2,7,12,2,4,10,4,9,10,19,20,15,8,4,3,7,2,0,0,0,0,1,1,1,1,1,2,0,0,2,1,2,4,2,4,0,0,3,3,2,2,0,1,1,2,3,2,1,1,1,0,0,0,0,0,1,1,0,0,0,1,1,1,3,2,6,5,1,2,2,4,2,1,1,1,7,7,0,0,0,0,0,0,0,0
2014-07-18T00:00:01,109,83,64,54,10,9,46,56,42,33,40,53,11,20,9,12,16,10,36,34,53,46,52,51,27,27,24,32,20,20,27,29,23,20,19,17,19,28,24,23,51,54,14,23,14,21,15,22,32,22,26,23,22,13,27,29,19,15,23,16,28,27,26,27,20,31,27,31,19,23,0,23,2,3,8,9,7,5,0,4,1,0,3,1,9,4,5,1,2,1,2,2,10,5,9,5,0,1,4,1,4,1,0,1,0,0,0,0,0,0,1,0,0,0,0,0,4,3,6,3,3,6,0,1,2,3,12,12,5,5,5,3,3,4,2,1,6,5,6,8
2014-08-27T00:00:01,164,113,65,60,7,5,57,62,63,67,53,55,31,35,13,21,12,9,52,52,56,47,79,67,37,52,35,40,20,31,35,34,20,23,24,24,17,28,38,32,75,73,22,28,12,18,30,27,41,42,37,37,22,15,29,28,18,20,30,26,33,21,34,32,9,33,46,44,20,35,16,22,3,2,6,5,9,9,3,2,3,4,4,1,6,10,4,2,4,1,1,1,0,1,1,3,6,5,4,6,6,2,4,3,1,1,0,0,0,0,2,2,0,1,2,2,5,7,2,4,5,4,3,2,2,0,17,13,3,3,6,6,8,7,0,5,3,3,1,1
2014-08-12T00:00:01,151,99,77,69,4,5,56,56,0,60,54,51,24,28,16,21,13,11,56,46,74,57,63,51,36,37,56,41,20,26,24,24,18,22,17,20,22,27,20,21,63,48,14,33,14,16,22,30,48,37,39,30,26,29,28,30,19,22,41,29,33,30,23,25,15,34,39,36,10,34,25,20,2,2,7,8,10,8,2,4,1,4,3,5,3,7,0,2,6,2,5,3,8,10,3,3,3,4,2,2,4,0,0,1,0,0,0,0,0,0,1,0,0,0,0,0,5,2,3,3,3,5,3,3,2,3,20,15,4,5,6,6,9,7,0,6,4,3,4,5
2014-08-29T00:00:01,133,87,51,66,10,6,36,47,65,70,40,64,19,23,12,12,13,12,52,33,66,60,69,75,27,27,30,45,25,30,51,47,21,15,16,15,1,25,17,15,52,37,10,19,21,16,28,31,35,32,38,39,17,15,25,29,30,25,21,19,20,18,24,17,13,18,37,30,19,25,13,12,4,4,4,6,3,3,3,3,2,4,5,8,5,7,4,4,5,3,1,0,0,5,4,1,6,4,6,3,4,2,1,0,0,0,0,1,0,0,0,0,1,1,0,0,5,1,3,3,0,3,0,1,0,0,11,13,0,2,7,5,5,4,0,3,3,0,1,0
2014-07-23T00:00:01,152,109,69,51,2,6,59,65,50,50,44,52,19,17,16,17,12,11,54,40,62,56,54,49,25,36,40,56,27,27,26,23,27,27,24,27,23,27,22,23,67,38,22,28,15,22,25,32,41,47,49,40,20,12,29,31,24,21,30,24,16,22,20,22,13,30,32,30,0,42,25,20,3,3,5,9,10,7,1,3,5,6,2,4,5,6,4,5,3,2,2,1,8,6,3,2,2,4,9,10,4,3,3,3,0,0,1,0,1,1,1,1,0,1,0,0,6,6,2,2,5,4,1,1,0,1,15,15,7,6,7,7,3,4,6,6,6,6,1,1
2014-03-22T00:00:01,19,15,5,2,3,3,13,9,37,37,3,3,5,4,4,3,8,3,7,6,44,30,11,9,3,11,9,8,6,11,2,5,4,4,8,11,12,11,2,4,12,18,6,6,3,3,14,13,24,17,21,19,17,21,12,12,4,18,4,2,7,1,5,6,18,22,8,10,4,7,4,2,0,0,0,0,5,4,6,6,3,2,2,1,3,3,3,3,5,6,0,1,5,5,1,4,0,0,3,3,2,2,3,3,1,1,0,0,0,0,1,1,0,0,0,0,5,3,1,2,0,1,1,0,1,2,0,0,2,2,0,0,0,0,4,4,0,0,0,0
2014-07-01T00:00:01,149,110,37,64,5,3,49,47,58,52,49,52,17,19,11,21,15,9,50,38,37,29,58,51,22,33,33,35,21,19,22,26,20,21,17,15,18,23,22,27,55,49,0,21,16,9,16,21,47,40,39,26,15,17,19,20,23,18,18,21,26,19,26,27,9,26,34,30,19,34,23,22,3,4,6,6,10,7,3,6,1,1,0,0,2,4,4,4,6,6,2,1,2,3,4,4,3,6,5,5,6,1,0,3,1,0,1,0,0,0,1,0,1,1,1,1,4,2,0,1,2,2,1,1,1,2,14,17,8,8,7,5,1,3,4,2,7,6,5,5
2014-05-15T00:00:01,132,96,57,56,0,10,34,36,58,48,42,45,11,16,8,17,10,8,47,37,44,32,55,50,23,41,30,31,25,32,25,24,24,19,20,17,22,34,24,22,52,46,20,21,24,17,21,15,9,36,47,34,24,29,26,24,23,24,22,21,37,27,20,21,13,29,28,27,19,34,24,21,3,3,4,5,7,11,3,2,3,1,4,5,0,6,4,2,2,1,2,4,8,5,3,3,3,4,3,2,3,1,2,2,0,0,0,0,0,0,1,2,0,0,8,7,2,4,1,1,1,2,3,1,0,0,8,15,5,4,7,2,3,2,3,1,6,5,1,3
2014-05-23T00:00:01,107,95,49,46,0,10,36,43,53,46,33,31,10,19,16,10,13,11,35,34,52,45,46,45,23,28,33,29,18,20,20,19,17,10,18,19,20,24,20,19,60,42,11,18,12,22,15,15,22,29,38,29,15,22,22,24,20,25,26,22,29,23,17,16,19,32,36,33,18,24,15,18,2,2,4,4,7,7,0,0,2,1,1,2,1,5,3,3,2,2,4,3,5,5,6,2,5,7,6,4,5,3,2,1,0,1,1,0,0,0,0,1,0,0,0,0,2,1,4,3,1,3,1,2,0,0,5,8,8,7,3,3,2,1,3,1,5,4,4,5
2014-04-07T00:00:01,119,97,41,49,6,11,43,45,60,57,37,49,13,12,9,12,10,6,40,33,38,33,52,51,27,34,30,32,22,27,26,20,21,13,25,26,17,21,25,26,52,53,12,18,16,12,20,20,34,36,31,29,18,16,26,19,23,18,28,24,22,18,19,16,10,20,31,37,20,31,13,11,0,0,0,0,2,3,1,0,0,3,1,1,3,7,1,2,0,1,2,0,7,3,1,4,5,5,2,1,6,3,1,1,1,1,0,0,0,0,0,0,0,0,0,0,2,4,3,0,3,6,0,1,2,0,13,14,8,9,5,5,5,7,5,2,7,6,2,3
2014-08-04T00:00:01,155,96,56,62,7,7,69,60,0,38,51,53,19,22,7,12,12,7,53,38,49,40,35,42,19,27,37,38,16,19,25,28,16,19,23,17,21,17,26,21,50,36,16,28,17,15,21,21,37,39,40,38,25,22,30,30,23,16,25,15,20,17,25,18,9,25,0,37,19,33,21,23,2,2,7,6,7,6,0,1,3,2,3,1,3,5,0,1,2,1,0,1,4,3,1,1,2,3,5,7,4,1,1,2,0,0,0,0,0,0,2,1,1,1,0,0,1,3,8,7,1,1,8,9,1,0,9,8,6,5,5,5,4,4,0,1,5,6,3,2
2014-07-26T00:00:01,21,15,18,27,10,13,16,19,53,39,4,1,0,4,7,2,6,6,14,14,42,43,25,15,2,7,12,10,10,11,11,9,6,10,6,8,21,17,1,6,17,12,15,18,4,4,15,12,14,13,20,20,4,9,2,7,3,7,13,5,8,6,10,16,13,20,16,10,0,4,6,0,0,0,2,3,5,5,3,4,0,0,0,0,1,0,2,4,0,2,0,1,7,8,2,2,6,5,4,4,1,1,1,0,0,0,0,0,0,0,0,0,0,0,0,0,4,4,3,3,0,1,0,0,0,1,6,4,0,0,0,1,0,0,0,0,0,0,1,1
2014-04-13T00:00:01,13,14,7,5,0,4,11,8,17,18,7,4,7,8,11,7,15,12,7,5,28,30,15,14,6,7,8,11,10,10,4,3,6,6,10,5,10,22,1,3,11,14,10,10,5,2,8,12,17,20,23,15,14,11,11,9,4,8,3,9,11,7,12,7,14,20,14,6,3,7,2,3,0,0,0,0,2,2,1,1,1,0,2,2,0,0,2,4,4,1,3,3,2,1,0,0,0,0,1,3,0,0,0,0,0,0,0,0,0,0,0,0,0,0,0,0,0,1,10,8,0,0,1,2,1,1,4,4,0,1,4,2,0,2,2,2,3,3,14,13
2014-03-05T00:00:01,101,77,47,47,6,8,37,43,31,29,36,52,9,10,9,12,15,6,22,25,33,36,37,34,19,24,18,22,19,22,17,13,20,17,14,12,22,14,25,20,62,51,6,17,9,10,20,10,26,29,32,34,15,14,17,23,14,11,32,28,20,17,16,15,12,19,25,26,19,35,15,22,0,0,0,0,10,6,2,2,2,4,2,4,3,4,8,6,5,1,1,4,5,3,1,0,6,9,2,3,9,3,1,2,1,1,1,0,0,0,0,0,0,0,0,0,5,5,2,0,2,3,2,3,1,0,9,11,4,3,5,5,4,2,2,1,3,5,1,2
2014-03-19T00:00:01,104,94,61,47,6,6,45,42,53,41,33,45,8,16,8,15,15,14,44,42,44,38,54,47,22,26,27,31,18,28,24,21,18,19,18,12,21,18,16,22,62,48,19,27,11,14,21,28,35,38,30,25,24,25,29,34,23,18,31,29,18,13,35,25,11,30,36,38,20,28,22,19,3,2,0,0,4,5,2,3,2,4,2,2,2,8,5,2,2,2,5,2,2,4,4,2,3,5,3,5,10,6,2,1,0,1,1,1,1,1,0,0,1,1,0,0,2,2,4,6,4,3,0,2,1,1,12,10,3,3,3,4,3,3,3,1,2,1,2,3
2014-05-11T00:00:01,15,7,5,6,0,0,6,7,24,30,3,3,1,2,1,2,7,4,3,6,42,40,10,9,4,4,2,2,9,13,2,3,8,6,2,4,10,14,3,5,7,14,8,9,1,2,9,8,24,19,18,15,9,6,7,9,6,8,7,5,5,1,6,3,15,11,10,7,0,5,2,1,1,1,4,4,6,6,2,2,2,2,0,0,0,0,1,1,2,4,0,1,1,0,0,0,0,0,6,5,0,0,0,0,0,0,0,0,0,0,1,1,0,0,1,1,2,1,7,6,3,4,0,1,0,0,8,5,0,0,1,4,1,1,0,0,0,0,0,0
2014-04-04T00:00:01,76,62,37,33,3,2,34,29,25,29,30,32,6,8,11,11,13,12,33,30,42,33,32,32,14,25,19,24,14,24,11,13,14,16,19,12,12,20,20,15,50,48,15,18,7,15,14,12,23,25,27,19,18,14,21,26,22,13,15,14,16,17,23,24,13,19,28,22,12,21,10,7,0,0,0,0,5,5,1,3,3,1,0,1,1,2,0,0,8,0,1,3,4,8,2,8,8,9,5,2,3,2,1,0,0,0,0,0,0,0,1,2,1,1,0,0,1,1,0,0,1,0,0,1,0,0,3,6,4,5,4,1,0,1,2,1,3,2,1,1
2014-06-11T00:00:01,145,109,54,51,0,10,42,42,63,60,54,45,14,18,11,11,15,8,59,45,36,35,50,58,30,39,21,31,23,28,28,27,20,22,17,19,25,24,13,16,69,64,16,18,19,23,23,20,31,34,40,37,18,16,23,38,19,19,34,30,29,25,18,24,15,24,43,42,25,30,23,25,4,2,4,4,7,6,1,3,2,2,2,3,1,5,7,6,3,3,2,0,6,9,2,4,2,1,8,4,4,1,1,3,1,0,1,0,0,1,2,1,0,0,0,0,2,5,0,1,4,3,2,0,2,1,21,16,5,6,2,7,7,6,4,3,6,6,1,2
2014-07-27T00:00:01,16,16,14,17,3,6,22,11,28,30,8,9,4,5,6,3,7,2,10,14,28,21,26,29,4,9,19,18,7,12,2,3,9,7,8,6,12,14,2,2,9,11,13,11,2,4,13,15,31,17,14,20,8,5,9,13,13,9,8,8,14,6,17,19,6,8,1,10,5,8,3,3,0,0,1,2,1,4,0,0,1,0,0,0,0,0,2,1,3,2,1,3,3,3,2,2,2,2,4,1,1,1,2,2,0,0,0,0,1,1,1,1,0,0,0,0,3,2,7,8,1,0,2,1,2,2,3,3,0,0,2,4,1,0,1,1,0,1,0,0
2014-06-21T00:00:01,13,7,4,8,0,0,12,9,32,35,5,4,1,2,1,2,7,3,6,5,31,28,15,13,2,4,11,12,6,7,10,9,6,8,3,7,15,14,5,5,9,8,7,11,1,4,12,7,9,17,17,11,8,8,4,4,4,4,6,4,5,9,8,5,9,6,6,8,4,6,0,5,0,0,1,2,8,1,3,9,2,1,0,0,0,0,1,2,3,1,1,1,3,0,1,3,1,0,4,4,1,0,1,2,0,0,0,0,0,0,0,0,0,0,0,0,1,5,9,7,3,1,7,4,0,3,9,4,0,2,1,2,1,5,1,0,2,0,4,4
2014-05-10T00:00:01,9,11,6,4,0,2,8,6,48,54,4,4,4,3,6,5,7,8,19,21,41,30,14,16,8,12,10,7,18,10,1,3,3,10,5,14,14,9,5,5,6,9,13,11,6,7,11,9,18,21,16,17,22,15,7,2,8,10,7,6,7,10,4,2,8,8,13,11,4,8,6,3,0,0,0,0,2,4,1,1,1,3,0,0,1,1,0,1,1,1,1,2,1,0,1,1,2,3,2,1,3,1,2,1,0,1,0,0,0,0,1,1,0,0,0,0,3,2,6,4,2,2,2,5,0,0,8,3,1,1,3,6,1,1,0,2,2,2,0,0
2014-05-26T00:00:01,18,13,15,15,0,5,15,9,47,42,2,4,5,3,2,8,8,7,9,11,37,34,20,21,5,10,14,11,6,7,4,14,7,8,4,7,15,19,3,4,4,7,16,14,7,3,11,6,23,14,22,20,15,12,3,6,4,8,6,4,5,4,12,12,15,17,10,8,8,10,4,7,3,2,4,6,5,7,0,0,1,0,2,2,0,0,2,5,1,2,1,0,7,6,4,7,1,0,8,1,0,0,0,0,0,0,0,0,0,0,0,0,0,0,0,0,1,2,4,4,3,1,1,1,0,0,4,0,0,2,0,1,0,0,0,2,2,2,2,0
2014-07-30T00:00:01,161,101,62,52,7,5,44,42,64,63,55,59,20,25,13,14,18,17,56,60,69,66,62,55,34,34,36,50,26,31,26,28,19,19,23,26,26,28,25,23,59,46,14,27,8,13,36,34,40,39,36,35,26,17,33,32,14,23,21,20,23,23,19,18,20,22,0,38,18,28,18,22,3,1,3,5,9,8,1,2,6,4,3,2,3,7,1,1,1,1,3,2,4,7,5,6,5,4,5,5,10,3,1,0,0,0,0,0,0,0,0,1,1,1,1,1,12,13,2,2,0,1,1,0,1,1,13,15,6,5,6,5,4,3,5,5,5,4,1,2
2014-05-22T00:00:01,123,96,49,51,0,6,46,42,77,54,45,57,4,13,7,12,12,10,41,37,52,51,44,53,30,33,20,28,34,33,18,20,16,12,26,21,24,28,28,28,58,54,12,20,21,15,21,21,23,25,30,29,27,20,23,25,24,26,31,20,29,24,30,31,15,33,34,35,19,30,16,17,6,3,3,7,7,6,1,2,3,2,1,1,5,4,2,2,3,5,2,2,1,4,2,2,3,2,2,2,4,0,2,4,1,1,0,0,0,0,2,2,0,0,1,0,3,2,2,2,2,3,0,2,2,1,15,16,7,5,4,4,5,5,6,6,4,5,5,3
2014-07-16T00:00:01,138,116,67,57,9,15,48,51,41,41,51,71,26,21,14,16,11,14,53,32,39,34,65,48,27,33,34,46,24,21,20,24,33,25,17,16,21,28,30,24,66,57,17,21,16,17,28,27,37,41,34,25,20,19,28,31,15,19,23,23,22,19,18,18,13,32,28,39,23,35,26,19,2,2,7,8,7,9,0,2,3,2,4,7,4,7,6,4,4,1,1,1,5,6,3,4,5,6,6,8,4,1,1,1,0,0,0,0,0,0,1,1,1,1,1,1,3,3,1,1,4,4,0,0,1,1,22,22,6,4,7,7,6,8,7,5,4,5,1,2
2014-07-06T00:00:01,19,11,9,10,5,4,7,5,29,29,2,4,0,2,1,4,6,5,14,14,32,19,13,15,2,3,6,7,7,6,5,5,10,7,3,7,13,18,4,3,7,6,0,7,0,2,13,12,18,11,13,17,5,5,3,5,3,5,3,3,5,5,8,10,7,8,6,4,4,4,2,3,1,1,6,4,4,4,2,4,0,3,0,0,1,1,2,3,3,3,9,9,2,3,3,2,2,1,3,3,4,0,1,3,2,0,0,0,0,0,0,0,0,2,2,0,11,8,3,3,4,5,7,6,2,2,3,5,1,2,1,1,3,3,0,0,0,1,1,0
2014-08-31T00:00:01,19,12,10,6,12,13,15,4,45,54,4,4,4,5,3,3,8,13,8,7,67,49,25,20,4,6,5,5,10,8,4,8,10,15,12,8,0,20,5,0,11,10,12,15,6,13,14,7,22,18,19,25,19,11,3,3,1,1,3,1,9,14,4,9,14,16,8,10,2,4,7,2,0,0,2,1,4,3,0,3,1,2,0,0,0,0,0,0,1,0,1,1,4,3,3,3,3,3,0,4,0,1,0,2,0,0,0,0,0,0,0,0,0,0,2,0,1,2,2,2,4,4,7,6,0,0,2,1,2,4,1,1,3,4,0,0,1,0,1,0
2014-05-01T00:00:01,102,82,62,60,0,14,45,44,58,60,39,54,10,18,11,13,14,10,39,32,45,35,48,49,24,34,27,30,25,22,17,19,20,18,15,14,23,18,23,24,65,59,8,17,14,17,24,14,35,32,41,32,21,21,24,25,29,30,30,25,20,21,20,21,17,23,35,29,19,33,20,20,1,1,2,2,6,8,4,1,10,11,2,2,5,6,3,3,5,7,2,2,6,6,8,7,4,5,3,3,6,3,1,0,0,1,0,0,0,0,1,1,0,0,0,0,4,3,2,3,2,1,2,1,2,2,14,16,4,6,5,3,3,5,3,4,2,1,6,4
2014-04-18T00:00:01,88,71,40,35,0,9,23,28,46,40,27,34,5,9,9,10,13,17,31,31,46,34,47,30,12,22,27,28,18,22,18,17,10,12,22,23,16,18,14,17,47,43,16,21,23,22,12,16,27,32,39,33,29,21,20,22,18,19,23,18,25,16,21,20,13,27,22,26,21,25,17,15,2,4,0,0,5,7,1,2,2,3,1,1,4,7,2,4,1,0,2,1,7,8,8,6,5,6,8,6,7,2,3,3,1,2,0,0,0,0,2,1,0,0,0,0,6,2,5,5,3,3,2,2,1,0,9,7,1,7,5,5,0,0,1,2,0,1,3,2
2014-08-08T00:00:01,136,100,54,54,9,11,44,43,0,52,40,47,20,26,9,21,12,13,45,35,74,51,46,31,18,22,38,45,29,30,22,25,22,18,18,23,32,29,17,16,56,40,21,20,15,18,22,28,47,41,39,30,24,15,25,29,17,16,25,9,30,27,28,19,19,30,0,22,11,28,21,19,3,2,0,4,5,6,4,4,4,5,3,1,3,6,1,0,3,2,1,1,6,7,6,6,5,6,4,5,5,0,0,1,1,0,0,0,0,0,0,0,0,0,0,0,3,3,3,4,4,4,0,0,1,1,7,7,4,4,4,1,3,3,0,2,6,5,1,2
2014-03-11T00:00:01,92,78,54,49,9,6,36,35,51,54,47,46,7,13,10,17,11,8,51,49,48,45,54,49,20,22,31,26,21,18,16,17,16,15,18,16,16,22,25,20,61,59,11,17,15,13,12,17,34,36,39,36,18,14,26,32,20,22,24,19,22,18,25,24,11,19,45,50,24,39,11,14,0,0,0,0,5,3,0,0,2,3,1,1,0,5,3,2,3,1,1,3,2,4,3,2,5,4,5,5,6,1,0,1,0,0,0,0,0,0,0,0,0,0,1,0,2,5,4,2,2,1,3,4,1,1,9,11,8,2,6,3,3,3,2,4,2,4,3,4
2014-08-25T00:00:01,178,103,65,62,6,7,60,52,48,52,64,67,23,26,17,21,11,6,54,51,53,58,74,67,27,48,30,39,24,21,19,24,24,23,21,26,26,28,24,24,53,57,17,21,12,21,22,23,35,30,43,45,13,9,29,31,22,21,34,32,26,24,30,31,17,31,42,45,20,37,16,19,2,1,7,5,5,7,2,2,1,0,3,3,4,8,2,1,2,2,1,1,1,2,3,2,3,3,5,4,4,1,1,2,1,0,0,0,0,0,2,1,0,0,0,0,2,1,2,1,1,2,0,1,0,1,17,11,4,3,5,7,7,5,0,8,5,5,1,0
2014-04-26T00:00:01,22,16,10,7,0,3,16,13,30,33,3,2,5,5,3,2,7,6,5,8,25,13,8,8,5,5,9,12,11,10,4,6,6,10,8,1,13,16,1,7,7,8,11,18,5,4,10,6,22,21,14,6,17,13,5,5,7,11,5,3,12,13,4,7,10,16,8,7,4,11,3,1,1,1,2,2,3,3,3,5,0,3,0,0,1,0,1,0,2,4,1,1,3,2,2,3,0,0,2,0,2,1,1,1,0,0,0,0,0,0,1,1,0,0,0,0,2,3,3,2,0,1,5,4,1,0,2,2,0,1,1,1,2,2,0,0,3,3,0,0
2014-03-24T00:00:01,110,85,45,46,4,7,40,32,54,60,35,45,13,14,8,7,9,12,42,35,38,36,42,38,13,23,19,31,18,21,12,16,18,15,15,19,16,18,21,14,59,45,17,21,18,15,19,17,32,33,30,31,13,12,19,25,19,15,27,25,14,12,16,15,14,26,31,28,21,27,17,18,1,1,0,0,10,10,1,1,4,3,4,2,4,8,0,3,2,3,2,1,6,6,6,2,0,0,3,3,1,0,0,0,0,0,0,0,0,0,0,0,0,0,0,0,3,2,2,0,1,2,0,2,0,0,8,10,5,1,7,7,3,3,1,0,2,5,0,0
2014-03-07T00:00:01,99,79,45,42,9,10,37,45,49,57,40,49,12,10,10,15,12,5,30,31,37,37,45,40,16,21,17,28,12,15,23,21,17,17,17,11,18,21,16,21,53,40,9,12,9,11,23,14,34,33,27,17,22,16,19,20,25,21,21,26,15,19,21,15,12,21,28,29,21,31,12,17,0,0,0,0,6,6,1,2,1,1,2,2,0,3,1,1,1,1,0,1,3,3,1,0,3,3,8,4,5,0,1,2,0,1,1,0,0,0,0,0,0,0,1,0,3,3,5,2,0,2,2,2,0,0,9,9,6,6,4,5,1,1,3,3,5,5,2,2
2014-03-31T00:00:01,78,85,20,36,4,2,29,24,22,29,33,47,5,7,7,5,3,5,27,27,16,21,39,23,16,22,17,18,5,10,9,6,13,11,16,10,2,10,15,13,38,28,9,8,10,4,12,8,26,17,22,23,21,18,21,9,17,8,18,14,10,7,15,13,7,21,24,23,14,28,12,10,0,1,0,0,5,3,0,0,1,1,0,0,0,2,1,1,0,1,0,0,1,1,2,1,1,1,2,2,0,1,2,3,1,1,0,0,0,0,1,1,0,0,1,0,1,1,1,0,0,2,1,1,0,0,9,9,5,3,5,4,2,4,2,0,2,3,1,2
2014-04-03T00:00:01,109,90,44,43,9,9,26,32,46,43,39,46,9,14,14,16,9,7,45,33,42,38,50,33,19,28,24,28,20,22,13,18,17,16,12,9,13,24,17,21,66,45,18,23,10,9,15,19,17,23,31,32,27,20,22,22,19,17,18,18,17,17,19,21,10,23,31,26,13,25,12,19,1,1,0,0,8,5,3,3,2,1,2,2,1,7,4,1,2,1,1,2,4,1,2,1,3,3,3,4,3,0,0,0,0,0,1,1,0,0,0,0,0,0,0,0,1,2,3,2,1,2,0,0,2,0,9,9,7,4,6,6,3,3,2,2,1,2,0,3
2014-03-12T00:00:01,101,77,50,39,6,4,42,46,37,39,34,41,10,13,8,18,7,7,34,33,43,35,49,36,18,24,24,33,21,28,20,16,21,19,20,18,22,20,14,20,66,57,12,20,17,14,20,21,25,24,33,27,19,16,19,27,19,19,20,26,30,18,28,16,10,25,27,42,14,22,17,21,0,0,0,0,6,6,3,2,4,5,2,3,3,5,2,3,1,2,7,2,3,2,2,1,3,5,5,5,6,2,2,2,1,0,0,0,0,0,0,1,1,1,0,0,4,3,2,2,1,3,1,1,1,1,7,10,2,3,4,4,2,2,4,1,3,2,2,1
