atoms,charge,origin,bond1,bond2
8,-0.3198902550101863,E,"[1, 23, 23]","[1, 3, 5]"
1,0.08449975566999782,E,"[1, 3, 5, 8]","[1, 5, 5, 7, 10, 23, 23]"
1,-0.02366947079441982,E,"[1, 1, 5, 5]","[3, 5, 5, 5, 8, 41]"
1,-0.01115222475931884,E,"[1, 5, 5, 41]","[1, 5, 5, 32, 32]"
41,0.041458278835693585,E,"[1, 32, 32]","[1, 5, 5]"
32,-0.5501705677116027,E,[41],"[1, 32]"
32,-0.5501705677116027,E,[41],"[1, 32]"
3,0.23699681085687943,E,"[1, 7, 10]","[1, 1, 5, 8, 28]"
7,-0.27329545371541575,E,[3],"[1, 10]"
10,-0.3452324696059287,E,"[1, 3, 28]","[1, 1, 3, 5, 7]"
1,0.08487611565146631,E,"[1, 3, 5, 10]","[1, 3, 5, 5, 5, 7, 28]"
1,-0.020662741383886664,E,"[1, 1, 5, 5]","[3, 5, 5, 5, 10, 41]"
1,-0.010755770615789906,E,"[1, 5, 5, 41]","[1, 5, 5, 32, 32]"
41,0.0414759337191035,E,"[1, 32, 32]","[1, 5, 5]"
32,-0.5501702399014741,E,[41],"[1, 32]"
32,-0.5501702399014741,E,[41],"[1, 32]"
3,0.14179642406840606,E,"[1, 5, 7]","[1, 5, 10]"
7,-0.30107519014614026,E,[3],"[1, 5]"
23,0.11914737596375703,E,[8],"[1, 23]"
23,0.11914737596375703,E,[8],"[1, 23]"
5,0.05660351873943762,E,[1],"[1, 3, 8]"
5,0.029159777904656573,E,[1],"[1, 1, 5]"
5,0.029159777904656573,E,[1],"[1, 1, 5]"
5,0.03292212660262465,E,[1],"[1, 5, 41]"
5,0.03292212660262465,E,[1],"[1, 5, 41]"
28,0.1637599118792653,E,[10],"[1, 3]"
5,0.06083333953009602,E,[1],"[1, 3, 10]"
5,0.02959318937000588,E,[1],"[1, 1, 5]"
5,0.02959318937000588,E,[1],"[1, 1, 5]"
5,0.03293965883418422,E,[1],"[1, 5, 41]"
5,0.03293965883418422,E,[1],"[1, 5, 41]"
5,0.10659084495643713,E,[3],"[1, 7]"
8,-0.31947000229134087,N,"[1, 23, 23]","[1, 3, 5]"
1,0.09296604192258201,N,"[1, 3, 5, 8]","[3, 5, 5, 7, 10, 23, 23]"
1,0.05046076827098914,N,"[1, 3, 5, 5]","[3, 5, 7, 8, 10]"
3,0.21901738490182246,N,"[1, 7, 10]","[1, 5, 5, 28, 28]"
10,-0.36961487286543515,N,"[3, 28, 28]","[1, 7]"
7,-0.2752893570009813,N,[3],"[1, 10]"
3,0.2376110015911935,N,"[1, 7, 10]","[1, 1, 5, 8, 28]"
7,-0.2732767556284543,N,[3],"[1, 10]"
10,-0.34242647370292884,N,"[1, 3, 28]","[1, 1, 3, 5, 7]"
1,0.11645565329782086,N,"[1, 3, 5, 10]","[3, 3, 5, 5, 7, 10, 28]"
1,0.05564506109887006,N,"[1, 3, 5, 5]","[3, 5, 7, 10, 10]"
3,0.21952924775792318,N,"[1, 7, 10]","[1, 5, 5, 28, 28]"
10,-0.3695981621146419,N,"[3, 28, 28]","[1, 7]"
7,-0.27526757062914997,N,[3],"[1, 10]"
3,0.24320034773703852,N,"[1, 7, 10]","[1, 1, 5, 10, 28]"
7,-0.27268847796577833,N,[3],"[1, 10]"
10,-0.34426464459326866,N,"[1, 3, 28]","[1, 1, 3, 5, 7]"
1,0.0932739970790629,N,"[1, 3, 5, 10]","[3, 3, 5, 5, 5, 7, 28]"
1,0.053426321279683525,N,"[1, 3, 5, 5]","[3, 5, 7, 10, 10]"
3,0.21943933266653093,N,"[1, 7, 10]","[1, 5, 5, 28, 28]"
10,-0.36959947054808856,N,"[3, 28, 28]","[1, 7]"
7,-0.2752692512045185,N,[3],"[1, 10]"
3,0.1423155456811329,N,"[1, 5, 7]","[1, 5, 10]"
7,-0.3010587060172893,N,[3],"[1, 5]"
23,0.11916081011951185,N,[8],"[1, 23]"
23,0.11916081011951185,N,[8],"[1, 23]"
5,0.05713651453536357,N,[1],"[1, 3, 8]"
5,0.03884259871748202,N,[1],"[1, 3, 5]"
5,0.03884259871748202,N,[1],"[1, 3, 5]"
28,0.1591010603458579,N,[10],"[3, 28]"
28,0.1591010603458579,N,[10],"[3, 28]"
28,0.16387832280107834,N,[10],"[1, 3]"
5,0.06376271507115266,N,[1],"[1, 3, 10]"
5,0.03937510073734705,N,[1],"[1, 3, 5]"
5,0.03937510073734705,N,[1],"[1, 3, 5]"
28,0.15910138401216606,N,[10],"[3, 28]"
28,0.15910138401216606,N,[10],"[3, 28]"
28,0.1637970466507732,N,[10],"[1, 3]"
5,0.061364479744563195,N,[1],"[1, 3, 10]"
5,0.03928605736513287,N,[1],"[1, 3, 5]"
5,0.03928605736513287,N,[1],"[1, 3, 5]"
28,0.1591013722950711,N,[10],"[3, 28]"
28,0.1591013722950711,N,[10],"[3, 28]"
5,0.10660719528915694,N,[3],"[1, 7]"
8,-0.3282496426013628,PEG1,"[1, 23, 23]","[1, 5, 5]"
1,0.01591778867758273,PEG1,"[1, 5, 5, 8]","[5, 5, 6, 23, 23]"
1,0.05893962736069858,PEG1,"[1, 5, 5, 6]","[1, 5, 5, 8]"
6,-0.3777480482916923,PEG1,"[1, 1]","[1, 1, 5, 5, 5, 5]"
1,0.07008118943109487,PEG1,"[1, 5, 5, 6]","[1, 5, 5, 6]"
1,0.07070139119527351,PEG1,"[1, 5, 5, 6]","[1, 5, 5, 6]"
6,-0.36925024317801264,PEG1,"[1, 1]","[1, 3, 5, 5, 5, 5]"
1,0.12538835738717286,PEG1,"[3, 5, 5, 6]","[1, 7, 10]"
3,0.24557959132331592,PEG1,"[1, 7, 10]","[1, 5, 5, 6, 28]"
7,-0.27243213112704906,PEG1,[3],"[1, 10]"
10,-0.3517840761563535,PEG1,"[1, 3, 28]","[1, 1, 5, 5, 7]"
1,0.04094271440543051,PEG1,"[1, 5, 5, 10]","[3, 5, 5, 6, 28]"
1,0.06407667823866428,PEG1,"[1, 5, 5, 6]","[1, 5, 5, 10]"
6,-0.3772303611019667,PEG1,"[1, 1]","[1, 1, 5, 5, 5, 5]"
1,0.07010481101165271,PEG1,"[1, 5, 5, 6]","[1, 5, 5, 6]"
1,0.07058618536544227,PEG1,"[1, 5, 5, 6]","[1, 5, 5, 6]"
6,-0.3716048060309866,PEG1,"[1, 1]","[1, 3, 5, 5, 5, 5]"
1,0.10217004339785049,PEG1,"[3, 5, 5, 6]","[1, 5, 7]"
3,0.14515770551120175,PEG1,"[1, 5, 7]","[5, 5, 6]"
7,-0.30079358135418016,PEG1,[3],"[1, 5]"
23,0.11847128080133656,PEG1,[8],"[1, 23]"
23,0.11847128080133656,PEG1,[8],"[1, 23]"
5,0.04495651259900437,PEG1,[1],"[1, 5, 8]"
5,0.04495651259900437,PEG1,[1],"[1, 5, 8]"
5,0.0580032081588568,PEG1,[1],"[1, 5, 6]"
5,0.0580032081588568,PEG1,[1],"[1, 5, 6]"
5,0.059109109275073256,PEG1,[1],"[1, 5, 6]"
5,0.059109109275073256,PEG1,[1],"[1, 5, 6]"
5,0.059129011008118834,PEG1,[1],"[1, 5, 6]"
5,0.059129011008118834,PEG1,[1],"[1, 5, 6]"
5,0.06708163906481425,PEG1,[1],"[3, 5, 6]"
5,0.06708163906481425,PEG1,[1],"[3, 5, 6]"
28,0.16312797213667835,PEG1,[10],"[1, 3]"
5,0.05153205507508024,PEG1,[1],"[1, 5, 10]"
5,0.05153205507508024,PEG1,[1],"[1, 5, 10]"
5,0.05853410884099914,PEG1,[1],"[1, 5, 6]"
5,0.05853410884099914,PEG1,[1],"[1, 5, 6]"
5,0.05910954254905409,PEG1,[1],"[1, 5, 6]"
5,0.05910954254905409,PEG1,[1],"[1, 5, 6]"
5,0.059127000717377504,PEG1,[1],"[1, 5, 6]"
5,0.059127000717377504,PEG1,[1],"[1, 5, 6]"
5,0.06466866736889643,PEG1,[1],"[3, 5, 6]"
5,0.06466866736889643,PEG1,[1],"[3, 5, 6]"
5,0.10687456348232192,PEG1,[3],"[1, 7]"
8,-0.31990064327715506,K,"[1, 23, 23]","[1, 3, 5]"
1,0.08414273520376342,K,"[1, 3, 5, 8]","[1, 5, 5, 7, 10, 23, 23]"
1,-0.028689356623800576,K,"[1, 1, 5, 5]","[1, 3, 5, 5, 5, 8]"
1,-0.04597048317201315,K,"[1, 1, 5, 5]","[1, 1, 5, 5, 5, 5]"
1,-0.0035963558771203844,K,"[1, 1, 5, 5]","[1, 5, 5, 5, 5, 34]"
1,0.07393158038834696,K,"[1, 5, 5, 34]","[1, 5, 5, 36, 36, 36]"
34,-0.3575608565594739,K,"[1, 36, 36, 36]","[1, 5, 5]"
3,0.2369836930769018,K,"[1, 7, 10]","[1, 1, 5, 8, 28]"
7,-0.2732956844162497,K,[3],"[1, 10]"
10,-0.34524553125486396,K,"[1, 3, 28]","[1, 1, 3, 5, 7]"
1,0.08452105644582444,K,"[1, 3, 5, 10]","[1, 3, 5, 5, 5, 7, 28]"
1,-0.025680718607868764,K,"[1, 1, 5, 5]","[1, 3, 5, 5, 5, 10]"
1,-0.0455735696475069,K,"[1, 1, 5, 5]","[1, 1, 5, 5, 5, 5]"
1,-0.0035792310812117188,K,"[1, 1, 5, 5]","[1, 5, 5, 5, 5, 34]"
1,0.07393189477423151,K,"[1, 5, 5, 34]","[1, 5, 5, 36, 36, 36]"
34,-0.3575608543829572,K,"[1, 36, 36, 36]","[1, 5, 5]"
3,0.14178353490333573,K,"[1, 5, 7]","[1, 5, 10]"
7,-0.30107541255617104,K,[3],"[1, 5]"
23,0.11914719619698581,K,[8],"[1, 23]"
23,0.11914719619698581,K,[8],"[1, 23]"
5,0.05659073923143509,K,[1],"[1, 3, 8]"
5,0.02878070689721533,K,[1],"[1, 1, 5]"
5,0.02878070689721533,K,[1],"[1, 1, 5]"
5,0.026944217219128895,K,[1],"[1, 1, 5]"
5,0.026944217219128895,K,[1],"[1, 1, 5]"
5,0.032440608051856445,K,[1],"[1, 1, 5]"
5,0.032440608051856445,K,[1],"[1, 1, 5]"
5,0.09219386816024329,K,[1],"[1, 5, 34]"
5,0.09219386816024329,K,[1],"[1, 5, 34]"
36,0.34400660498986607,K,[34],"[1, 36, 36]"
36,0.34400660498986607,K,[34],"[1, 36, 36]"
36,0.34400660498986607,K,[34],"[1, 36, 36]"
28,0.16375967279986972,K,[10],"[1, 3]"
5,0.06082057603398989,K,[1],"[1, 3, 10]"
5,0.02921359887141069,K,[1],"[1, 1, 5]"
5,0.02921359887141069,K,[1],"[1, 1, 5]"
5,0.026961498282590306,K,[1],"[1, 1, 5]"
5,0.026961498282590306,K,[1],"[1, 1, 5]"
5,0.03244091506368321,K,[1],"[1, 1, 5]"
5,0.03244091506368321,K,[1],"[1, 1, 5]"
5,0.09219387076767836,K,[1],"[1, 5, 34]"
5,0.09219387076767836,K,[1],"[1, 5, 34]"
36,0.344006604997293,K,[34],"[1, 36, 36]"
36,0.344006604997293,K,[34],"[1, 36, 36]"
36,0.344006604997293,K,[34],"[1, 36, 36]"
5,0.10659062561563105,K,[3],"[1, 7]"
3,0.1383710470384654,FITC,"[3, 10, 16]","[10, 16, 28, 37]"
10,-0.3441320880946008,FITC,"[3, 28, 37]","[3, 16, 37, 37]"
37,0.03958028169549771,FITC,"[10, 37, 37]","[3, 5, 5, 28, 37, 37]"
37,-0.03770836008158941,FITC,"[5, 37, 37]","[5, 10, 37, 37]"
37,-0.045156255295514085,FITC,"[5, 37, 37]","[3, 5, 37, 37]"
37,0.0677477217384472,FITC,"[3, 37, 37]","[1, 5, 6, 7, 37, 37]"
37,0.021591007812933213,FITC,"[1, 37, 37]","[3, 5, 6, 37, 37, 37, 37]"
37,-0.02976383274363535,FITC,"[5, 37, 37]","[1, 10, 37, 37]"
1,0.1956934153764034,FITC,"[6, 37, 37, 37]","[3, 37, 37, 37, 37, 37, 37]"
6,-0.4402802112901431,FITC,"[1, 3]","[7, 37, 37, 37, 37]"
3,0.33967808713146774,FITC,"[6, 7, 37]","[1, 37, 37]"
7,-0.2461305698425329,FITC,[3],"[6, 37]"
37,0.04789938964395134,FITC,"[1, 37, 37]","[5, 6, 6, 37, 37, 37, 37]"
37,0.13857990868636977,FITC,"[6, 37, 37]","[1, 5, 37, 37, 37]"
37,0.02309643010297693,FITC,"[5, 37, 37]","[6, 6, 37, 37]"
37,0.11882232459116887,FITC,"[6, 37, 37]","[5, 5, 29, 37, 37]"
37,-0.01949868098622708,FITC,"[5, 37, 37]","[5, 6, 37, 37]"
37,-0.04686266421088956,FITC,"[5, 37, 37]","[1, 5, 37, 37]"
6,-0.5078223799058896,FITC,"[29, 37]","[37, 37]"
6,-0.45613755645975995,FITC,"[37, 37]","[37, 37, 37, 37]"
37,0.13857990868636977,FITC,"[6, 37, 37]","[1, 5, 37, 37, 37]"
37,0.04789938964395134,FITC,"[1, 37, 37]","[5, 6, 6, 37, 37, 37, 37]"
37,-0.04686266421088956,FITC,"[5, 37, 37]","[1, 5, 37, 37]"
37,-0.01949868098622708,FITC,"[5, 37, 37]","[5, 6, 37, 37]"
37,0.11882232459116887,FITC,"[6, 37, 37]","[5, 5, 29, 37, 37]"
37,0.02309643010297693,FITC,"[5, 37, 37]","[6, 6, 37, 37]"
6,-0.5078223799058896,FITC,"[29, 37]","[37, 37]"
16,-0.05693732260236122,FITC,[3],"[3, 10]"
3,0.1383710470384654,FITC,"[3, 10, 16]","[10, 16, 28, 37]"
10,-0.3441320880946008,FITC,"[3, 28, 37]","[3, 16, 37, 37]"
37,0.03958028169549771,FITC,"[10, 37, 37]","[3, 5, 5, 28, 37, 37]"
37,-0.03770836008158941,FITC,"[5, 37, 37]","[5, 10, 37, 37]"
37,-0.045156255295514085,FITC,"[5, 37, 37]","[3, 5, 37, 37]"
37,0.0677477217384472,FITC,"[3, 37, 37]","[1, 5, 6, 7, 37, 37]"
37,0.021591007812933213,FITC,"[1, 37, 37]","[3, 5, 6, 37, 37, 37, 37]"
37,-0.02976383274363535,FITC,"[5, 37, 37]","[1, 10, 37, 37]"
1,0.1956934153764034,FITC,"[6, 37, 37, 37]","[3, 37, 37, 37, 37, 37, 37]"
6,-0.4402802112901431,FITC,"[1, 3]","[7, 37, 37, 37, 37]"
3,0.33967808713146774,FITC,"[6, 7, 37]","[1, 37, 37]"
7,-0.2461305698425329,FITC,[3],"[6, 37]"
37,0.04789938964395134,FITC,"[1, 37, 37]","[5, 6, 6, 37, 37, 37, 37]"
37,0.13857990868636977,FITC,"[6, 37, 37]","[1, 5, 37, 37, 37]"
37,0.02309643010297693,FITC,"[5, 37, 37]","[6, 6, 37, 37]"
37,0.11882232459116887,FITC,"[6, 37, 37]","[5, 5, 29, 37, 37]"
37,-0.01949868098622708,FITC,"[5, 37, 37]","[5, 6, 37, 37]"
37,-0.04686266421088956,FITC,"[5, 37, 37]","[1, 5, 37, 37]"
6,-0.5078223799058896,FITC,"[29, 37]","[37, 37]"
6,-0.45613755645975995,FITC,"[37, 37]","[37, 37, 37, 37]"
37,0.13857990868636977,FITC,"[6, 37, 37]","[1, 5, 37, 37, 37]"
37,0.04789938964395134,FITC,"[1, 37, 37]","[5, 6, 6, 37, 37, 37, 37]"
37,-0.04686266421088956,FITC,"[5, 37, 37]","[1, 5, 37, 37]"
37,-0.01949868098622708,FITC,"[5, 37, 37]","[5, 6, 37, 37]"
37,0.11882232459116887,FITC,"[6, 37, 37]","[5, 5, 29, 37, 37]"
37,0.02309643010297693,FITC,"[5, 37, 37]","[6, 6, 37, 37]"
6,-0.5078223799058896,FITC,"[29, 37]","[37, 37]"
16,-0.05693732260236122,FITC,[3],"[3, 10]"
28,0.16744610416438202,FITC,[10],"[3, 37]"
5,0.06449533159805117,FITC,[37],"[37, 37]"
5,0.06326084010993077,FITC,[37],"[37, 37]"
5,0.06496872075495846,FITC,[37],"[37, 37]"
5,0.07018192836055662,FITC,[37],"[37, 37]"
5,0.0661991340449836,FITC,[37],"[37, 37]"
5,0.06301589363266433,FITC,[37],"[37, 37]"
29,0.29309553553513473,FITC,[6],[37]
5,0.06301589363266433,FITC,[37],"[37, 37]"
5,0.0661991340449836,FITC,[37],"[37, 37]"
5,0.07018192836055662,FITC,[37],"[37, 37]"
29,0.29309553553513473,FITC,[6],[37]
28,0.16744610416438202,FITC,[10],"[3, 37]"
5,0.06449533159805117,FITC,[37],"[37, 37]"
5,0.06326084010993077,FITC,[37],"[37, 37]"
5,0.06496872075495846,FITC,[37],"[37, 37]"
5,0.07018192836055662,FITC,[37],"[37, 37]"
5,0.0661991340449836,FITC,[37],"[37, 37]"
5,0.06301589363266433,FITC,[37],"[37, 37]"
29,0.29309553553513473,FITC,[6],[37]
5,0.06301589363266433,FITC,[37],"[37, 37]"
5,0.0661991340449836,FITC,[37],"[37, 37]"
5,0.07018192836055662,FITC,[37],"[37, 37]"
29,0.29309553553513473,FITC,[6],[37]
8,-0.31958657948868824,D,"[1, 23, 23]","[1, 3, 5]"
1,0.08939258162850124,D,"[1, 3, 5, 8]","[5, 5, 7, 10, 23, 23, 41]"
1,0.011171456434538096,D,"[1, 5, 5, 41]","[3, 5, 8, 32, 32]"
41,0.04345956457621234,D,"[1, 32, 32]","[1, 5, 5]"
32,-0.5500926835070328,D,[41],"[1, 32]"
32,-0.5500926835070328,D,[41],"[1, 32]"
3,0.23738601103168142,D,"[1, 7, 10]","[1, 1, 5, 8, 28]"
7,-0.2732809324237287,D,[3],"[1, 10]"
10,-0.3448477031998331,D,"[1, 3, 28]","[1, 1, 3, 5, 7]"
1,0.08970559544441811,D,"[1, 3, 5, 10]","[3, 5, 5, 5, 7, 28, 41]"
1,0.014156844828663901,D,"[1, 5, 5, 41]","[3, 5, 10, 32, 32]"
41,0.04387597257828751,D,"[1, 32, 32]","[1, 5, 5]"
32,-0.550073912934641,D,[41],"[1, 32]"
32,-0.550073912934641,D,[41],"[1, 32]"
3,0.14217062269177652,D,"[1, 5, 7]","[1, 5, 10]"
7,-0.3010613415072033,D,[3],"[1, 5]"
23,0.11915868177018853,D,[8],"[1, 23]"
23,0.11915868177018853,D,[8],"[1, 23]"
5,0.05699281220225417,D,[1],"[1, 3, 8]"
5,0.03500100695601667,D,[1],"[1, 5, 41]"
5,0.03500100695601667,D,[1],"[1, 5, 41]"
28,0.16377499348266766,D,[10],"[1, 3]"
5,0.06122066340200818,D,[1],"[1, 3, 10]"
5,0.03543932899545313,D,[1],"[1, 5, 41]"
5,0.03543932899545313,D,[1],"[1, 5, 41]"
5,0.1066045957584748,D,[3],"[1, 7]"
8,-0.3175796758528372,R5,"[1, 23, 23]","[1, 1, 3]"
1,0.0925225483363809,R5,"[1, 1, 3, 8]","[1, 5, 5, 5, 5, 5, 7, 10, 23, 23]"
1,-0.025967767175271057,R5,"[1, 1, 5, 5]","[1, 1, 3, 5, 5, 8]"
1,-0.04757148519809605,R5,"[1, 1, 5, 5]","[1, 2, 5, 5, 5, 5]"
1,-0.034990409475930385,R5,"[1, 2, 5, 5]","[1, 2, 5, 5, 5]"
2,-0.08853784829786324,R5,"[1, 2, 5]","[1, 1, 5, 5, 5]"
1,-0.03794479595008088,R5,"[1, 5, 5, 5]","[1, 3, 8]"
3,0.24016682904363507,R5,"[1, 7, 10]","[1, 1, 2, 8, 28]"
7,-0.2729595113466643,R5,[3],"[1, 10]"
10,-0.3396148194598166,R5,"[2, 3, 28]","[1, 1, 3, 7]"
2,0.12534718605077097,R5,"[1, 3, 10]","[1, 3, 5, 5, 5, 7, 28]"
1,-0.0198755327480024,R5,"[1, 2, 5, 5]","[1, 3, 5, 5, 10]"
1,-0.04705357442495807,R5,"[1, 1, 5, 5]","[2, 2, 5, 5, 5, 5]"
1,-0.03497111262234423,R5,"[1, 2, 5, 5]","[1, 2, 5, 5, 5]"
2,-0.0885375190876605,R5,"[1, 2, 5]","[1, 1, 5, 5, 5]"
3,0.14781247211641227,R5,"[2, 5, 7]","[1, 10]"
7,-0.30062796506612527,R5,[3],"[2, 5]"
23,0.11940885081137495,R5,[8],"[1, 23]"
23,0.11940885081137495,R5,[8],"[1, 23]"
5,0.02907489857977613,R5,[1],"[1, 1, 5]"
5,0.02907489857977613,R5,[1],"[1, 1, 5]"
5,0.02705216134786842,R5,[1],"[1, 1, 5]"
5,0.02705216134786842,R5,[1],"[1, 1, 5]"
5,0.030964192905340856,R5,[1],"[1, 2, 5]"
5,0.030964192905340856,R5,[1],"[1, 2, 5]"
5,0.057246293962288156,R5,[2],"[1, 2]"
5,0.025447975967001286,R5,[1],"[1, 5, 5]"
5,0.025447975967001286,R5,[1],"[1, 5, 5]"
5,0.025447975967001286,R5,[1],"[1, 5, 5]"
28,0.16417400659550266,R5,[10],"[2, 3]"
5,0.029629673657801055,R5,[1],"[1, 2, 5]"
5,0.029629673657801055,R5,[1],"[1, 2, 5]"
5,0.027071552029918157,R5,[1],"[1, 1, 5]"
5,0.027071552029918157,R5,[1],"[1, 1, 5]"
5,0.030964514230496808,R5,[1],"[1, 2, 5]"
5,0.030964514230496808,R5,[1],"[1, 2, 5]"
5,0.057246296504247986,R5,[2],"[1, 2]"
5,0.10704076907025543,R5,[3],"[2, 7]"
8,-0.31734842882281117,B8,"[1, 23, 23]","[1, 1, 3]"
1,0.09537646602488226,B8,"[1, 1, 3, 8]","[1, 1, 5, 5, 5, 5, 7, 10, 23, 23]"
1,-0.025689761799694205,B8,"[1, 1, 5, 5]","[1, 1, 3, 5, 5, 8]"
1,-0.047560700546748484,B8,"[1, 1, 5, 5]","[1, 2, 5, 5, 5, 5]"
1,-0.034990224254565154,B8,"[1, 2, 5, 5]","[1, 2, 5, 5, 5]"
2,-0.08853784685556809,B8,"[1, 2, 5]","[1, 1, 5, 5, 5]"
1,-0.025689761799694205,B8,"[1, 1, 5, 5]","[1, 1, 3, 5, 5, 8]"
1,-0.047560700546748484,B8,"[1, 1, 5, 5]","[1, 2, 5, 5, 5, 5]"
1,-0.034990224254565154,B8,"[1, 2, 5, 5]","[1, 2, 5, 5, 5]"
2,-0.08853784685556809,B8,"[1, 2, 5]","[1, 1, 5, 5, 5]"
3,0.2403669866788612,B8,"[1, 7, 10]","[1, 1, 1, 8, 28]"
7,-0.2729488324018798,B8,[3],"[1, 10]"
10,-0.34228199484872623,B8,"[1, 3, 28]","[1, 1, 1, 3, 7]"
1,0.09550132118591381,B8,"[1, 1, 3, 10]","[1, 1, 3, 5, 5, 5, 5, 5, 7, 28]"
1,-0.022686859742436203,B8,"[1, 1, 5, 5]","[1, 1, 3, 5, 5, 10]"
1,-0.047161387383688844,B8,"[1, 1, 5, 5]","[1, 2, 5, 5, 5, 5]"
1,-0.03497295472380527,B8,"[1, 2, 5, 5]","[1, 2, 5, 5, 5]"
2,-0.08853753394244146,B8,"[1, 2, 5]","[1, 1, 5, 5, 5]"
1,-0.022686859742436203,B8,"[1, 1, 5, 5]","[1, 1, 3, 5, 5, 10]"
1,-0.047161387383688844,B8,"[1, 1, 5, 5]","[1, 2, 5, 5, 5, 5]"
1,-0.03497295472380527,B8,"[1, 2, 5, 5]","[1, 2, 5, 5, 5]"
2,-0.08853753394244146,B8,"[1, 2, 5]","[1, 1, 5, 5, 5]"
3,0.14491776840496168,B8,"[1, 5, 7]","[1, 1, 10]"
7,-0.3007465975777738,B8,[3],"[1, 5]"
23,0.11941854573374386,B8,[8],"[1, 23]"
23,0.11941854573374386,B8,[8],"[1, 23]"
5,0.029085739018902206,B8,[1],"[1, 1, 5]"
5,0.029085739018902206,B8,[1],"[1, 1, 5]"
5,0.02705234215931681,B8,[1],"[1, 1, 5]"
5,0.02705234215931681,B8,[1],"[1, 1, 5]"
5,0.03096419434222402,B8,[1],"[1, 2, 5]"
5,0.03096419434222402,B8,[1],"[1, 2, 5]"
5,0.05724629396769428,B8,[2],"[1, 2]"
5,0.029085739018902206,B8,[1],"[1, 1, 5]"
5,0.029085739018902206,B8,[1],"[1, 1, 5]"
5,0.02705234215931681,B8,[1],"[1, 1, 5]"
5,0.02705234215931681,B8,[1],"[1, 1, 5]"
5,0.03096419434222402,B8,[1],"[1, 2, 5]"
5,0.03096419434222402,B8,[1],"[1, 2, 5]"
5,0.05724629396769428,B8,[2],"[1, 2]"
28,0.16406122488442526,B8,[10],"[1, 3]"
5,0.02952133303148854,B8,[1],"[1, 1, 5]"
5,0.02952133303148854,B8,[1],"[1, 1, 5]"
5,0.02706975389713386,B8,[1],"[1, 1, 5]"
5,0.02706975389713386,B8,[1],"[1, 1, 5]"
5,0.03096449997390692,B8,[1],"[1, 2, 5]"
5,0.03096449997390692,B8,[1],"[1, 2, 5]"
5,0.05724629644970915,B8,[2],"[1, 2]"
5,0.02952133303148854,B8,[1],"[1, 1, 5]"
5,0.02952133303148854,B8,[1],"[1, 1, 5]"
5,0.02706975389713386,B8,[1],"[1, 1, 5]"
5,0.02706975389713386,B8,[1],"[1, 1, 5]"
5,0.03096449997390692,B8,[1],"[1, 2, 5]"
5,0.03096449997390692,B8,[1],"[1, 2, 5]"
5,0.05724629644970915,B8,[2],"[1, 2]"
5,0.10692290297585809,B8,[3],"[1, 7]"
8,-0.319219634182016,C,"[1, 23, 23]","[1, 3, 5]"
1,0.09303486060560544,C,"[1, 3, 5, 8]","[5, 5, 7, 10, 15, 23, 23]"
1,0.014506939738140087,C,"[1, 5, 5, 15]","[3, 5, 8, 71]"
15,-0.1771894067952174,C,"[1, 71]","[1, 5, 5]"
3,0.23785895078924493,C,"[1, 7, 10]","[1, 1, 5, 8, 28]"
7,-0.2732597834026197,C,[3],"[1, 10]"
10,-0.3443814235785463,C,"[1, 3, 28]","[1, 1, 3, 5, 7]"
1,0.0932689754560972,C,"[1, 3, 5, 10]","[3, 5, 5, 5, 7, 15, 28]"
1,0.017481430431338343,C,"[1, 5, 5, 15]","[3, 5, 10, 71]"
15,-0.17675009965680494,C,"[1, 71]","[1, 5, 5]"
3,0.1426215748292177,C,"[1, 5, 7]","[1, 5, 10]"
7,-0.3010412068024871,C,[3],"[1, 5]"
23,0.1191751451742225,C,[8],"[1, 23]"
23,0.1191751451742225,C,[8],"[1, 23]"
5,0.05747049100838261,C,[1],"[1, 3, 8]"
5,0.03991594898202411,C,[1],"[1, 5, 15]"
5,0.03991594898202411,C,[1],"[1, 5, 15]"
71,0.10228509129358683,C,[15],[1]
28,0.16379696495952126,C,[10],"[1, 3]"
5,0.061695253184748194,C,[1],"[1, 3, 10]"
5,0.04035580713151781,C,[1],"[1, 5, 15]"
5,0.04035580713151781,C,[1],"[1, 5, 15]"
71,0.10230260983214624,C,[15],[1]
5,0.10662460971413364,C,[3],"[1, 7]"
8,-0.31757984808093054,R8,"[1, 23, 23]","[1, 1, 3]"
1,0.09250971783603948,R8,"[1, 1, 3, 8]","[1, 5, 5, 5, 5, 5, 7, 10, 23, 23]"
1,-0.026262363257546665,R8,"[1, 1, 5, 5]","[1, 1, 3, 5, 5, 8]"
1,-0.05105193683109595,R8,"[1, 1, 5, 5]","[1, 1, 5, 5, 5, 5]"
1,-0.05321203278424487,R8,"[1, 1, 5, 5]","[1, 1, 5, 5, 5, 5]"
1,-0.053009666213488016,R8,"[1, 1, 5, 5]","[1, 1, 5, 5, 5, 5]"
1,-0.049825005949186485,R8,"[1, 1, 5, 5]","[1, 2, 5, 5, 5, 5]"
1,-0.03507346734826949,R8,"[1, 2, 5, 5]","[1, 2, 5, 5, 5]"
2,-0.08853928215607074,R8,"[1, 2, 5]","[1, 1, 5, 5, 5]"
1,-0.037945009077080906,R8,"[1, 5, 5, 5]","[1, 3, 8]"
3,0.2400693817639421,R8,"[1, 7, 10]","[1, 1, 1, 8, 28]"
7,-0.2729612907342677,R8,[3],"[1, 10]"
10,-0.34257570549551425,R8,"[1, 3, 28]","[1, 1, 1, 3, 7]"
1,0.09268419534017155,R8,"[1, 1, 3, 10]","[1, 3, 5, 5, 5, 5, 5, 5, 7, 28]"
1,-0.02325752630090637,R8,"[1, 1, 5, 5]","[1, 1, 3, 5, 5, 10]"
1,-0.050652542254448735,R8,"[1, 1, 5, 5]","[1, 1, 5, 5, 5, 5]"
1,-0.0531947765182093,R8,"[1, 1, 5, 5]","[1, 1, 5, 5, 5, 5]"
1,-0.05300935594663284,R8,"[1, 1, 5, 5]","[1, 1, 5, 5, 5, 5]"
1,-0.049825003415012455,R8,"[1, 1, 5, 5]","[1, 2, 5, 5, 5, 5]"
1,-0.03507346733848609,R8,"[1, 2, 5, 5]","[1, 2, 5, 5, 5]"
2,-0.08853928215605254,R8,"[1, 2, 5]","[1, 1, 5, 5, 5]"
1,-0.03491778620946322,R8,"[1, 5, 5, 5]","[1, 3, 10]"
3,0.1446331145358613,R8,"[1, 5, 7]","[1, 1, 10]"
7,-0.30075846385184263,R8,[3],"[1, 5]"
23,0.11940884940915494,R8,[8],"[1, 23]"
23,0.11940884940915494,R8,[8],"[1, 23]"
5,0.029063792455905867,R8,[1],"[1, 1, 5]"
5,0.029063792455905867,R8,[1],"[1, 1, 5]"
5,0.026736315885561496,R8,[1],"[1, 1, 5]"
5,0.026736315885561496,R8,[1],"[1, 1, 5]"
5,0.026654530387731176,R8,[1],"[1, 1, 5]"
5,0.026654530387731176,R8,[1],"[1, 1, 5]"
5,0.02666399262713213,R8,[1],"[1, 1, 5]"
5,0.02666399262713213,R8,[1],"[1, 1, 5]"
5,0.026968724419638428,R8,[1],"[1, 1, 5]"
5,0.026968724419638428,R8,[1],"[1, 1, 5]"
5,0.03096281751299498,R8,[1],"[1, 2, 5]"
5,0.03096281751299498,R8,[1],"[1, 2, 5]"
5,0.05724628302074341,R8,[2],"[1, 2]"
5,0.02544797438680933,R8,[1],"[1, 5, 5]"
5,0.02544797438680933,R8,[1],"[1, 5, 5]"
5,0.02544797438680933,R8,[1],"[1, 5, 5]"
28,0.16404829018569927,R8,[10],"[1, 3]"
5,0.02949937780116276,R8,[1],"[1, 1, 5]"
5,0.02949937780116276,R8,[1],"[1, 1, 5]"
5,0.026753704918404193,R8,[1],"[1, 1, 5]"
5,0.026753704918404193,R8,[1],"[1, 1, 5]"
5,0.026654833363658807,R8,[1],"[1, 1, 5]"
5,0.026654833363658807,R8,[1],"[1, 1, 5]"
5,0.026663995067595887,R8,[1],"[1, 1, 5]"
5,0.026663995067595887,R8,[1],"[1, 1, 5]"
5,0.026968724428999277,R8,[1],"[1, 1, 5]"
5,0.026968724428999277,R8,[1],"[1, 1, 5]"
5,0.030962817513012338,R8,[1],"[1, 2, 5]"
5,0.030962817513012338,R8,[1],"[1, 2, 5]"
5,0.05724628302074342,R8,[2],"[1, 2]"
5,0.025882186420486588,R8,[1],"[1, 5, 5]"
5,0.025882186420486588,R8,[1],"[1, 5, 5]"
5,0.025882186420486588,R8,[1],"[1, 5, 5]"
5,0.10691111221175682,R8,[3],"[1, 7]"
8,-0.32995939752789316,BAla,"[1, 23, 23]","[1, 5, 5]"
1,0.0010741252604907488,BAla,"[1, 5, 5, 8]","[3, 5, 5, 23, 23]"
1,0.03875969094462112,BAla,"[1, 3, 5, 5]","[5, 5, 7, 8, 10]"
3,0.220779681619162,BAla,"[1, 7, 10]","[1, 1, 5, 5, 28]"
7,-0.27508891189765394,BAla,[3],"[1, 10]"
10,-0.3556315771318293,BAla,"[1, 3, 28]","[1, 1, 5, 5, 7]"
1,0.023968840256182636,BAla,"[1, 5, 5, 10]","[3, 3, 5, 5, 28]"
1,0.02050334045627354,BAla,"[1, 3, 5, 5]","[5, 5, 5, 7, 10]"
3,0.12124611888688026,BAla,"[1, 5, 7]","[1, 5, 5]"
7,-0.3033295008013049,BAla,[3],"[1, 5]"
23,0.1183954327560147,BAla,[8],"[1, 23]"
23,0.1183954327560147,BAla,[8],"[1, 23]"
5,0.0430754519325936,BAla,[1],"[1, 5, 8]"
5,0.0430754519325936,BAla,[1],"[1, 5, 8]"
5,0.03799729695948537,BAla,[1],"[1, 3, 5]"
5,0.03799729695948537,BAla,[1],"[1, 3, 5]"
28,0.16295284889947606,BAla,[10],"[1, 3]"
5,0.049551769552663896,BAla,[1],"[1, 5, 10]"
5,0.049551769552663896,BAla,[1],"[1, 5, 10]"
5,0.036186639697113554,BAla,[1],"[1, 3, 5]"
5,0.036186639697113554,BAla,[1],"[1, 3, 5]"
5,0.10431155923985255,BAla,[3],"[1, 7]"
8,-0.3175796879164302,S5,"[1, 23, 23]","[1, 1, 3]"
1,0.09252075302648524,S5,"[1, 1, 3, 8]","[1, 5, 5, 5, 5, 5, 7, 10, 23, 23]"
1,-0.02596778215034597,S5,"[1, 1, 5, 5]","[1, 1, 3, 5, 5, 8]"
1,-0.04757148525544736,S5,"[1, 1, 5, 5]","[1, 2, 5, 5, 5, 5]"
1,-0.034990409476148364,S5,"[1, 2, 5, 5]","[1, 2, 5, 5, 5]"
2,-0.08853784835890081,S5,"[1, 2, 5]","[1, 1, 5, 5, 5]"
1,-0.03794481092902576,S5,"[1, 5, 5, 5]","[1, 3, 8]"
3,0.24006958263105332,S5,"[1, 7, 10]","[1, 1, 1, 8, 28]"
7,-0.2729612889971022,S5,[3],"[1, 10]"
10,-0.3425755049276003,S5,"[1, 3, 28]","[1, 1, 1, 3, 7]"
1,0.09269520685243442,S5,"[1, 1, 3, 10]","[1, 3, 5, 5, 5, 5, 5, 5, 7, 28]"
1,-0.022962983174190738,S5,"[1, 1, 5, 5]","[1, 1, 3, 5, 5, 10]"
1,-0.04717216441850844,S5,"[1, 1, 5, 5]","[1, 2, 5, 5, 5, 5]"
1,-0.034973140246908695,S5,"[1, 2, 5, 5]","[1, 2, 5, 5, 5]"
2,-0.08853753544971675,S5,"[1, 2, 5]","[1, 1, 5, 5, 5]"
1,-0.034917588079167415,S5,"[1, 5, 5, 5]","[1, 3, 10]"
3,0.14463331378599664,S5,"[1, 5, 7]","[1, 1, 10]"
7,-0.30075846216976976,S5,[3],"[1, 5]"
23,0.11940885076300736,S5,[8],"[1, 23]"
23,0.11940885076300736,S5,[8],"[1, 23]"
5,0.029074898524906825,S5,[1],"[1, 1, 5]"
5,0.029074898524906825,S5,[1],"[1, 1, 5]"
5,0.02705216134776809,S5,[1],"[1, 1, 5]"
5,0.02705216134776809,S5,[1],"[1, 1, 5]"
5,0.03096419290534067,S5,[1],"[1, 2, 5]"
5,0.03096419290534067,S5,[1],"[1, 2, 5]"
5,0.05724629396218058,S5,[2],"[1, 2]"
5,0.025447975912398946,S5,[1],"[1, 5, 5]"
5,0.025447975912398946,S5,[1],"[1, 5, 5]"
5,0.025447975912398946,S5,[1],"[1, 5, 5]"
28,0.16404829198189674,S5,[10],"[1, 3]"
5,0.029510498846412866,S5,[1],"[1, 1, 5]"
5,0.029510498846412866,S5,[1],"[1, 1, 5]"
5,0.027069572786490092,S5,[1],"[1, 1, 5]"
5,0.027069572786490092,S5,[1],"[1, 1, 5]"
5,0.030964498533218403,S5,[1],"[1, 2, 5]"
5,0.030964498533218403,S5,[1],"[1, 2, 5]"
5,0.057246296444178266,S5,[2],"[1, 2]"
5,0.025882187949412404,S5,[1],"[1, 5, 5]"
5,0.025882187949412404,S5,[1],"[1, 5, 5]"
5,0.025882187949412404,S5,[1],"[1, 5, 5]"
5,0.1069111138653148,S5,[3],"[1, 7]"
1,-0.005207482899012137,AC,"[3, 5, 5, 5]","[1, 7]"
3,0.13638995055015996,AC,"[1, 1, 7]","[3, 5, 5, 5, 5, 5]"
7,-0.2995491221663048,AC,[3],"[1, 1]"
1,0.06171469405967311,AC,"[3, 3, 5, 5]","[1, 5, 7, 7]"
3,0.12684021936460468,AC,"[1, 5, 7]","[3, 5, 5]"
7,-0.3029102313490142,AC,[3],"[1, 5]"
5,0.031025979293821396,AC,[1],"[3, 5, 5]"
5,0.031025979293821396,AC,[1],"[3, 5, 5]"
5,0.031025979293821396,AC,[1],"[3, 5, 5]"
5,0.0424552241047661,AC,[1],"[3, 3, 5]"
5,0.0424552241047661,AC,[1],"[3, 3, 5]"
5,0.10473358634889689,AC,[3],"[1, 7]"
8,-0.3198921829131087,L,"[1, 23, 23]","[1, 3, 5]"
1,0.08438358973728241,L,"[1, 3, 5, 8]","[1, 5, 5, 7, 10, 23, 23]"
1,-0.02658163270620526,L,"[1, 1, 5, 5]","[1, 1, 3, 5, 5, 8]"
1,-0.04514686255740129,L,"[1, 1, 1, 5]","[1, 5, 5, 5, 5, 5, 5, 5, 5]"
1,-0.0627008599777945,L,"[1, 5, 5, 5]","[1, 1, 5]"
1,-0.0627008599777945,L,"[1, 5, 5, 5]","[1, 1, 5]"
3,0.23699438864024402,L,"[1, 7, 10]","[1, 1, 5, 8, 28]"
7,-0.27329548036854645,L,[3],"[1, 10]"
10,-0.34523488654485945,L,"[1, 3, 28]","[1, 1, 3, 5, 7]"
1,0.0847602552395046,L,"[1, 3, 5, 10]","[1, 3, 5, 5, 5, 7, 28]"
1,-0.02357448928596226,L,"[1, 1, 5, 5]","[1, 1, 3, 5, 5, 10]"
1,-0.044750444097773234,L,"[1, 1, 1, 5]","[1, 5, 5, 5, 5, 5, 5, 5, 5]"
1,-0.06268367024193083,L,"[1, 5, 5, 5]","[1, 1, 5]"
1,-0.06268367024193083,L,"[1, 5, 5, 5]","[1, 1, 5]"
3,0.14179402720398995,L,"[1, 5, 7]","[1, 5, 10]"
7,-0.30107521590795305,L,[3],"[1, 5]"
23,0.11914735518976348,L,[8],"[1, 23]"
23,0.11914735518976348,L,[8],"[1, 23]"
5,0.05660117998897085,L,[1],"[1, 3, 8]"
5,0.02904203072779228,L,[1],"[1, 1, 5]"
5,0.02904203072779228,L,[1],"[1, 1, 5]"
5,0.0297747870852398,L,[1],"[1, 1, 1]"
5,0.023308924243304684,L,[1],"[1, 5, 5]"
5,0.023308924243304684,L,[1],"[1, 5, 5]"
5,0.023308924243304684,L,[1],"[1, 5, 5]"
5,0.023308924243304684,L,[1],"[1, 5, 5]"
5,0.023308924243304684,L,[1],"[1, 5, 5]"
5,0.023308924243304684,L,[1],"[1, 5, 5]"
28,0.16375988428499438,L,[10],"[1, 3]"
5,0.06083100145990427,L,[1],"[1, 3, 10]"
5,0.02947528315990042,L,[1],"[1, 1, 5]"
5,0.02947528315990042,L,[1],"[1, 1, 5]"
5,0.029792090046247898,L,[1],"[1, 1, 1]"
5,0.023309224653868272,L,[1],"[1, 5, 5]"
5,0.023309224653868272,L,[1],"[1, 5, 5]"
5,0.023309224653868272,L,[1],"[1, 5, 5]"
5,0.023309224653868272,L,[1],"[1, 5, 5]"
5,0.023309224653868272,L,[1],"[1, 5, 5]"
5,0.023309224653868272,L,[1],"[1, 5, 5]"
5,0.10659081959693222,L,[3],"[1, 7]"
8,-0.31990067091322255,NL,"[1, 23, 23]","[1, 3, 5]"
1,0.08413871857548308,NL,"[1, 3, 5, 8]","[1, 5, 5, 7, 10, 23, 23]"
1,-0.028916392285972203,NL,"[1, 1, 5, 5]","[1, 3, 5, 5, 5, 8]"
1,-0.05158068224987801,NL,"[1, 1, 5, 5]","[1, 1, 5, 5, 5, 5]"
1,-0.056099201152164914,NL,"[1, 1, 5, 5]","[1, 5, 5, 5, 5, 5]"
1,-0.06538116951218981,NL,"[1, 5, 5, 5]","[1, 5, 5]"
3,0.2369836585367963,NL,"[1, 7, 10]","[1, 1, 5, 8, 28]"
7,-0.2732956845600944,NL,[3],"[1, 10]"
10,-0.34524556579941595,NL,"[1, 3, 28]","[1, 1, 3, 5, 7]"
1,0.08451704095304904,NL,"[1, 3, 5, 10]","[1, 3, 5, 5, 5, 7, 28]"
1,-0.02590776264486643,NL,"[1, 1, 5, 5]","[1, 3, 5, 5, 5, 10]"
1,-0.051183661917270626,NL,"[1, 1, 5, 5]","[1, 1, 5, 5, 5, 5]"
1,-0.05608207883957171,NL,"[1, 1, 5, 5]","[1, 5, 5, 5, 5, 5]"
1,-0.06538086206662119,NL,"[1, 5, 5, 5]","[1, 5, 5]"
3,0.1417835004684034,NL,"[1, 5, 7]","[1, 5, 10]"
7,-0.3010754126958026,NL,[3],"[1, 5]"
23,0.1191471960848227,NL,[8],"[1, 23]"
23,0.1191471960848227,NL,[8],"[1, 23]"
5,0.05659070619267682,NL,[1],"[1, 3, 8]"
5,0.02877678371806439,NL,[1],"[1, 1, 5]"
5,0.02877678371806439,NL,[1],"[1, 1, 5]"
5,0.026715613798532104,NL,[1],"[1, 1, 5]"
5,0.026715613798532104,NL,[1],"[1, 1, 5]"
5,0.026371940460982096,NL,[1],"[1, 1, 5]"
5,0.026371940460982096,NL,[1],"[1, 1, 5]"
5,0.023035341744262805,NL,[1],"[1, 5, 5]"
5,0.023035341744262805,NL,[1],"[1, 5, 5]"
5,0.023035341744262805,NL,[1],"[1, 5, 5]"
28,0.16375967265115768,NL,[10],"[1, 3]"
5,0.060820542967339505,NL,[1],"[1, 3, 10]"
5,0.02920967021010011,NL,[1],"[1, 1, 5]"
5,0.02920967021010011,NL,[1],"[1, 1, 5]"
5,0.026732865781548775,NL,[1],"[1, 1, 5]"
5,0.026732865781548775,NL,[1],"[1, 1, 5]"
5,0.026372240513677068,NL,[1],"[1, 1, 5]"
5,0.026372240513677068,NL,[1],"[1, 1, 5]"
5,0.023035344148445644,NL,[1],"[1, 5, 5]"
5,0.023035344148445644,NL,[1],"[1, 5, 5]"
5,0.023035344148445644,NL,[1],"[1, 5, 5]"
5,0.10659062547858478,NL,[3],"[1, 7]"
8,-0.3282496426013628,PEG,"[1, 23, 23]","[1, 5, 5]"
1,0.01591778867758273,PEG,"[1, 5, 5, 8]","[5, 5, 6, 23, 23]"
1,0.05893962736069858,PEG,"[1, 5, 5, 6]","[1, 5, 5, 8]"
6,-0.3777480482916923,PEG,"[1, 1]","[1, 1, 5, 5, 5, 5]"
1,0.07008118943109487,PEG,"[1, 5, 5, 6]","[1, 5, 5, 6]"
1,0.07070139119527351,PEG,"[1, 5, 5, 6]","[1, 5, 5, 6]"
6,-0.36925024317801264,PEG,"[1, 1]","[1, 3, 5, 5, 5, 5]"
1,0.12538835738717286,PEG,"[3, 5, 5, 6]","[1, 7, 10]"
3,0.24557959132331592,PEG,"[1, 7, 10]","[1, 5, 5, 6, 28]"
7,-0.27243213112704906,PEG,[3],"[1, 10]"
10,-0.3517840761563535,PEG,"[1, 3, 28]","[1, 1, 5, 5, 7]"
1,0.04094271440543051,PEG,"[1, 5, 5, 10]","[3, 5, 5, 6, 28]"
1,0.06407667823866428,PEG,"[1, 5, 5, 6]","[1, 5, 5, 10]"
6,-0.3772303611019667,PEG,"[1, 1]","[1, 1, 5, 5, 5, 5]"
1,0.07010481101165271,PEG,"[1, 5, 5, 6]","[1, 5, 5, 6]"
1,0.07058618536544227,PEG,"[1, 5, 5, 6]","[1, 5, 5, 6]"
6,-0.3716048060309866,PEG,"[1, 1]","[1, 3, 5, 5, 5, 5]"
1,0.10217004339785049,PEG,"[3, 5, 5, 6]","[1, 5, 7]"
3,0.14515770551120175,PEG,"[1, 5, 7]","[5, 5, 6]"
7,-0.30079358135418016,PEG,[3],"[1, 5]"
23,0.11847128080133656,PEG,[8],"[1, 23]"
23,0.11847128080133656,PEG,[8],"[1, 23]"
5,0.04495651259900437,PEG,[1],"[1, 5, 8]"
5,0.04495651259900437,PEG,[1],"[1, 5, 8]"
5,0.0580032081588568,PEG,[1],"[1, 5, 6]"
5,0.0580032081588568,PEG,[1],"[1, 5, 6]"
5,0.059109109275073256,PEG,[1],"[1, 5, 6]"
5,0.059109109275073256,PEG,[1],"[1, 5, 6]"
5,0.059129011008118834,PEG,[1],"[1, 5, 6]"
5,0.059129011008118834,PEG,[1],"[1, 5, 6]"
5,0.06708163906481425,PEG,[1],"[3, 5, 6]"
5,0.06708163906481425,PEG,[1],"[3, 5, 6]"
28,0.16312797213667835,PEG,[10],"[1, 3]"
5,0.05153205507508024,PEG,[1],"[1, 5, 10]"
5,0.05153205507508024,PEG,[1],"[1, 5, 10]"
5,0.05853410884099914,PEG,[1],"[1, 5, 6]"
5,0.05853410884099914,PEG,[1],"[1, 5, 6]"
5,0.05910954254905409,PEG,[1],"[1, 5, 6]"
5,0.05910954254905409,PEG,[1],"[1, 5, 6]"
5,0.059127000717377504,PEG,[1],"[1, 5, 6]"
5,0.059127000717377504,PEG,[1],"[1, 5, 6]"
5,0.06466866736889643,PEG,[1],"[3, 5, 6]"
5,0.06466866736889643,PEG,[1],"[3, 5, 6]"
5,0.10687456348232192,PEG,[3],"[1, 7]"
8,-0.31967810903321814,I,"[1, 23, 23]","[1, 3, 5]"
1,0.08671496006748158,I,"[1, 3, 5, 8]","[1, 1, 5, 7, 10, 23, 23]"
1,-0.020235119860854866,I,"[1, 1, 1, 5]","[1, 3, 5, 5, 5, 5, 5, 5, 8]"
1,-0.060522707304747715,I,"[1, 5, 5, 5]","[1, 1, 5]"
1,-0.05158305978986793,I,"[1, 1, 5, 5]","[1, 1, 5, 5, 5, 5]"
1,-0.06505548245886297,I,"[1, 5, 5, 5]","[1, 5, 5]"
3,0.23727010051107608,I,"[1, 7, 10]","[1, 1, 5, 8, 28]"
7,-0.27328341329088224,I,[3],"[1, 10]"
10,-0.34496297276315946,I,"[1, 3, 28]","[1, 1, 3, 5, 7]"
1,0.08704507521158154,I,"[1, 3, 5, 10]","[1, 1, 3, 5, 5, 7, 28]"
1,-0.017248848456382353,I,"[1, 1, 1, 5]","[1, 3, 5, 5, 5, 5, 5, 5, 10]"
1,-0.06012395653581999,I,"[1, 5, 5, 5]","[1, 1, 5]"
1,-0.05118531223104018,I,"[1, 1, 5, 5]","[1, 1, 5, 5, 5, 5]"
1,-0.06503827832777599,I,"[1, 5, 5, 5]","[1, 5, 5]"
3,0.1420571933550151,I,"[1, 5, 7]","[1, 5, 10]"
7,-0.3010637256022534,I,[3],"[1, 5]"
23,0.11915674915528794,I,[8],"[1, 23]"
23,0.11915674915528794,I,[8],"[1, 23]"
5,0.056879306961208236,I,[1],"[1, 3, 8]"
5,0.032104185920277056,I,[1],"[1, 1, 1]"
5,0.02339048032458909,I,[1],"[1, 5, 5]"
5,0.02339048032458909,I,[1],"[1, 5, 5]"
5,0.02339048032458909,I,[1],"[1, 5, 5]"
5,0.026716895197835797,I,[1],"[1, 1, 5]"
5,0.026716895197835797,I,[1],"[1, 1, 5]"
5,0.023046478325949245,I,[1],"[1, 5, 5]"
5,0.023046478325949245,I,[1],"[1, 5, 5]"
5,0.023046478325949245,I,[1],"[1, 5, 5]"
28,0.16377242078466558,I,[10],"[1, 3]"
5,0.061107371173945484,I,[1],"[1, 3, 10]"
5,0.03253797703445339,I,[1],"[1, 1, 1]"
5,0.02340774380153881,I,[1],"[1, 5, 5]"
5,0.02340774380153881,I,[1],"[1, 5, 5]"
5,0.02340774380153881,I,[1],"[1, 5, 5]"
5,0.026734211370711254,I,[1],"[1, 1, 5]"
5,0.026734211370711254,I,[1],"[1, 1, 5]"
5,0.023046778682974133,I,[1],"[1, 5, 5]"
5,0.023046778682974133,I,[1],"[1, 5, 5]"
5,0.023046778682974133,I,[1],"[1, 5, 5]"
5,0.10660223978233742,I,[3],"[1, 7]"
8,-0.317985692386128,S,"[1, 23, 23]","[1, 3, 5]"
1,0.10753281014461306,S,"[1, 3, 5, 8]","[5, 5, 6, 7, 10, 23, 23]"
1,0.06726422264278928,S,"[1, 5, 5, 6]","[3, 5, 8, 21]"
6,-0.3942069850415967,S,"[1, 21]","[1, 5, 5]"
3,0.2394467404598885,S,"[1, 7, 10]","[1, 1, 5, 8, 28]"
7,-0.273192145857651,S,[3],"[1, 10]"
10,-0.34281484347848046,S,"[1, 3, 28]","[1, 1, 3, 5, 7]"
1,0.10750431118793,S,"[1, 3, 5, 10]","[3, 5, 5, 5, 6, 7, 28]"
1,0.07019624448508247,S,"[1, 5, 5, 6]","[3, 5, 10, 21]"
6,-0.3937714311658139,S,"[1, 21]","[1, 5, 5]"
3,0.1441390631838968,S,"[1, 5, 7]","[1, 5, 10]"
7,-0.3009767883295704,S,[3],"[1, 5]"
23,0.11922779578563619,S,[8],"[1, 23]"
23,0.11922779578563619,S,[8],"[1, 23]"
5,0.05906977104704338,S,[1],"[1, 3, 8]"
5,0.05857450047903423,S,[1],"[1, 5, 6]"
5,0.05857450047903423,S,[1],"[1, 5, 6]"
21,0.2101388570696702,S,[6],[1]
28,0.16386721747028513,S,[10],"[1, 3]"
5,0.06328472720006353,S,[1],"[1, 3, 10]"
5,0.05902378393914179,S,[1],"[1, 5, 6]"
5,0.05902378393914179,S,[1],"[1, 5, 6]"
21,0.21016313604782244,S,[6],[1]
5,0.10668862491253152,S,[3],"[1, 7]"
8,-0.3198752541655049,M,"[1, 23, 23]","[1, 3, 5]"
1,0.08492812952036914,M,"[1, 3, 5, 8]","[1, 5, 5, 7, 10, 23, 23]"
1,-0.01978439663249025,M,"[1, 1, 5, 5]","[3, 5, 5, 5, 8, 15]"
1,-0.005043431271193489,M,"[1, 5, 5, 15]","[1, 1, 5, 5]"
15,-0.16535814963159723,M,"[1, 1]","[1, 5, 5, 5, 5, 5]"
1,-0.018398922018417474,M,"[5, 5, 5, 15]",[1]
3,0.23701577499184717,M,"[1, 7, 10]","[1, 1, 5, 8, 28]"
7,-0.2732950917624782,M,[3],"[1, 10]"
10,-0.34521359575110117,M,"[1, 3, 28]","[1, 1, 3, 5, 7]"
1,0.0853015546920477,M,"[1, 3, 5, 10]","[1, 3, 5, 5, 5, 7, 28]"
1,-0.01678026798040691,M,"[1, 1, 5, 5]","[3, 5, 5, 5, 10, 15]"
1,-0.0046466689905467415,M,"[1, 5, 5, 15]","[1, 1, 5, 5]"
15,-0.16534003908937855,M,"[1, 1]","[1, 5, 5, 5, 5, 5]"
1,-0.018398613177644546,M,"[5, 5, 5, 15]",[1]
3,0.14181502757198947,M,"[1, 5, 7]","[1, 5, 10]"
7,-0.3010748413217176,M,[3],"[1, 5]"
23,0.11914765799497364,M,[8],"[1, 23]"
23,0.11914765799497364,M,[8],"[1, 23]"
5,0.05662203129431591,M,[1],"[1, 3, 8]"
5,0.029624383397355254,M,[1],"[1, 1, 5]"
5,0.029624383397355254,M,[1],"[1, 1, 5]"
5,0.038086548435722054,M,[1],"[1, 5, 15]"
5,0.038086548435722054,M,[1],"[1, 5, 15]"
5,0.034380176664822876,M,[1],"[5, 5, 15]"
5,0.034380176664822876,M,[1],"[5, 5, 15]"
5,0.034380176664822876,M,[1],"[5, 5, 15]"
28,0.1637602870242109,M,[10],"[1, 3]"
5,0.06085182481326927,M,[1],"[1, 3, 10]"
5,0.030058434585941606,M,[1],"[1, 1, 5]"
5,0.030058434585941606,M,[1],"[1, 1, 5]"
5,0.03810416834081011,M,[1],"[1, 5, 15]"
5,0.03810416834081011,M,[1],"[1, 5, 15]"
5,0.03438017910964656,M,[1],"[5, 5, 15]"
5,0.03438017910964656,M,[1],"[5, 5, 15]"
5,0.03438017910964656,M,[1],"[5, 5, 15]"
5,0.10659118905141365,M,[3],"[1, 7]"
8,-0.3282496426013861,PEG5,"[1, 23, 23]","[1, 5, 5]"
1,0.015917788665152515,PEG5,"[1, 5, 5, 8]","[5, 5, 6, 23, 23]"
1,0.05893962417228405,PEG5,"[1, 5, 5, 6]","[1, 5, 5, 8]"
6,-0.37774836615171337,PEG5,"[1, 1]","[1, 1, 5, 5, 5, 5]"
1,0.07006194087895366,PEG5,"[1, 5, 5, 6]","[1, 5, 5, 6]"
1,0.0701134655053087,PEG5,"[1, 5, 5, 6]","[1, 5, 5, 6]"
6,-0.37666764388543494,PEG5,"[1, 1]","[1, 1, 5, 5, 5, 5]"
1,0.07011439542635792,PEG5,"[1, 5, 5, 6]","[1, 5, 5, 6]"
1,0.07011439546549462,PEG5,"[1, 5, 5, 6]","[1, 5, 5, 6]"
6,-0.37666763607345255,PEG5,"[1, 1]","[1, 1, 5, 5, 5, 5]"
1,0.07011439546557022,PEG5,"[1, 5, 5, 6]","[1, 5, 5, 6]"
1,0.07011439546557022,PEG5,"[1, 5, 5, 6]","[1, 5, 5, 6]"
6,-0.3766676360734527,PEG5,"[1, 1]","[1, 1, 5, 5, 5, 5]"
1,0.0701143954654189,PEG5,"[1, 5, 5, 6]","[1, 5, 5, 6]"
1,0.07011439538735809,PEG5,"[1, 5, 5, 6]","[1, 5, 5, 6]"
6,-0.3766676515351657,PEG5,"[1, 1]","[1, 1, 5, 5, 5, 5]"
1,0.07011258506972606,PEG5,"[1, 5, 5, 6]","[1, 5, 5, 6]"
1,0.0700159570619938,PEG5,"[1, 5, 5, 6]","[1, 5, 5, 6]"
6,-0.37852569031330213,PEG5,"[1, 1]","[1, 1, 5, 5, 5, 5]"
1,0.05545808344372878,PEG5,"[1, 5, 5, 6]","[1, 3, 5, 5]"
1,0.049957079078778555,PEG5,"[1, 3, 5, 5]","[5, 5, 6, 7, 10]"
3,0.22189749536698877,PEG5,"[1, 7, 10]","[1, 1, 5, 5, 28]"
7,-0.27504394002736,PEG5,[3],"[1, 10]"
10,-0.35371504019079447,PEG5,"[1, 3, 28]","[1, 1, 5, 5, 7]"
1,0.0408568429188821,PEG5,"[1, 5, 5, 10]","[3, 5, 5, 6, 28]"
1,0.0640751518758645,PEG5,"[1, 5, 5, 6]","[1, 5, 5, 10]"
6,-0.3772306744542418,PEG5,"[1, 1]","[1, 1, 5, 5, 5, 5]"
1,0.07008762291604251,PEG5,"[1, 5, 5, 6]","[1, 5, 5, 6]"
1,0.07011392574731352,PEG5,"[1, 5, 5, 6]","[1, 5, 5, 6]"
6,-0.3766676399990753,PEG5,"[1, 1]","[1, 1, 5, 5, 5, 5]"
1,0.07011439544591448,PEG5,"[1, 5, 5, 6]","[1, 5, 5, 6]"
1,0.07011439546553236,PEG5,"[1, 5, 5, 6]","[1, 5, 5, 6]"
6,-0.37666763607345255,PEG5,"[1, 1]","[1, 1, 5, 5, 5, 5]"
1,0.07011439546557022,PEG5,"[1, 5, 5, 6]","[1, 5, 5, 6]"
1,0.07011439546557022,PEG5,"[1, 5, 5, 6]","[1, 5, 5, 6]"
6,-0.3766676360734527,PEG5,"[1, 1]","[1, 1, 5, 5, 5, 5]"
1,0.07011439546541873,PEG5,"[1, 5, 5, 6]","[1, 5, 5, 6]"
1,0.07011439538719764,PEG5,"[1, 5, 5, 6]","[1, 5, 5, 6]"
6,-0.37666765160135907,PEG5,"[1, 1]","[1, 1, 5, 5, 5, 5]"
1,0.07011256859135387,PEG5,"[1, 5, 5, 6]","[1, 5, 5, 6]"
1,0.07001398670489173,PEG5,"[1, 5, 5, 6]","[1, 5, 5, 6]"
6,-0.37861390661659583,PEG5,"[1, 1]","[1, 1, 5, 5, 5, 5]"
1,0.05329461910110351,PEG5,"[1, 5, 5, 6]","[1, 3, 5, 5]"
1,0.026564824236007353,PEG5,"[1, 3, 5, 5]","[5, 5, 5, 6, 7]"
3,0.12178698545107418,PEG5,"[1, 5, 7]","[1, 5, 5]"
7,-0.3033081063843026,PEG5,[3],"[1, 5]"
23,0.11847128080133655,PEG5,[8],"[1, 23]"
23,0.11847128080133655,PEG5,[8],"[1, 23]"
5,0.044956512598982215,PEG5,[1],"[1, 5, 8]"
5,0.044956512598982215,PEG5,[1],"[1, 5, 8]"
5,0.05800320814696276,PEG5,[1],"[1, 5, 6]"
5,0.05800320814696276,PEG5,[1],"[1, 5, 6]"
5,0.05910880236291726,PEG5,[1],"[1, 5, 6]"
5,0.05910880236291726,PEG5,[1],"[1, 5, 6]"
5,0.05910970379957195,PEG5,[1],"[1, 5, 6]"
5,0.05910970379957195,PEG5,[1],"[1, 5, 6]"
5,0.05910971128550591,PEG5,[1],"[1, 5, 6]"
5,0.05910971128550591,PEG5,[1],"[1, 5, 6]"
5,0.05910971128557795,PEG5,[1],"[1, 5, 6]"
5,0.05910971128557795,PEG5,[1],"[1, 5, 6]"
5,0.059109711285578015,PEG5,[1],"[1, 5, 6]"
5,0.059109711285578015,PEG5,[1],"[1, 5, 6]"
5,0.059109711285578015,PEG5,[1],"[1, 5, 6]"
5,0.059109711285578015,PEG5,[1],"[1, 5, 6]"
5,0.059109711285577876,PEG5,[1],"[1, 5, 6]"
5,0.059109711285577876,PEG5,[1],"[1, 5, 6]"
5,0.059109711285433665,PEG5,[1],"[1, 5, 6]"
5,0.059109711285433665,PEG5,[1],"[1, 5, 6]"
5,0.059109696468178825,PEG5,[1],"[1, 5, 6]"
5,0.059109696468178825,PEG5,[1],"[1, 5, 6]"
5,0.05910794104745158,PEG5,[1],"[1, 5, 6]"
5,0.05910794104745158,PEG5,[1],"[1, 5, 6]"
5,0.05719471782629273,PEG5,[1],"[1, 5, 6]"
5,0.05719471782629273,PEG5,[1],"[1, 5, 6]"
5,0.039087430918161005,PEG5,[1],"[1, 3, 5]"
5,0.039087430918161005,PEG5,[1],"[1, 3, 5]"
28,0.16304143957960796,PEG5,[10],"[1, 3]"
5,0.05153056617421015,PEG5,[1],"[1, 5, 10]"
5,0.05153056617421015,PEG5,[1],"[1, 5, 10]"
5,0.058534096528193344,PEG5,[1],"[1, 5, 6]"
5,0.058534096528193344,PEG5,[1],"[1, 5, 6]"
5,0.05910925225666848,PEG5,[1],"[1, 5, 6]"
5,0.05910925225666848,PEG5,[1],"[1, 5, 6]"
5,0.05910970752383318,PEG5,[1],"[1, 5, 6]"
5,0.05910970752383318,PEG5,[1],"[1, 5, 6]"
5,0.05910971128554191,PEG5,[1],"[1, 5, 6]"
5,0.05910971128554191,PEG5,[1],"[1, 5, 6]"
5,0.05910971128557798,PEG5,[1],"[1, 5, 6]"
5,0.05910971128557798,PEG5,[1],"[1, 5, 6]"
5,0.059109711285578015,PEG5,[1],"[1, 5, 6]"
5,0.059109711285578015,PEG5,[1],"[1, 5, 6]"
5,0.059109711285578015,PEG5,[1],"[1, 5, 6]"
5,0.059109711285578015,PEG5,[1],"[1, 5, 6]"
5,0.059109711285577876,PEG5,[1],"[1, 5, 6]"
5,0.059109711285577876,PEG5,[1],"[1, 5, 6]"
5,0.05910971128543353,PEG5,[1],"[1, 5, 6]"
5,0.05910971128543353,PEG5,[1],"[1, 5, 6]"
5,0.05910969640499538,PEG5,[1],"[1, 5, 6]"
5,0.05910969640499538,PEG5,[1],"[1, 5, 6]"
5,0.05910792516874174,PEG5,[1],"[1, 5, 6]"
5,0.05910792516874174,PEG5,[1],"[1, 5, 6]"
5,0.057107936680004634,PEG5,[1],"[1, 5, 6]"
5,0.057107936680004634,PEG5,[1],"[1, 5, 6]"
5,0.03674946729230525,PEG5,[1],"[1, 3, 5]"
5,0.03674946729230525,PEG5,[1],"[1, 3, 5]"
5,0.10433281146781985,PEG5,[3],"[1, 7]"
8,-0.31962328534229006,Y,"[1, 23, 23]","[1, 3, 5]"
1,0.0882120649465616,Y,"[1, 3, 5, 8]","[5, 5, 7, 10, 23, 23, 37]"
1,-0.0035404204748215435,Y,"[1, 5, 5, 37]","[3, 5, 8, 37, 37]"
37,-0.04567849084069439,Y,"[1, 37, 37]","[1, 5, 5, 5, 5, 37, 37]"
37,-0.055295581300325095,Y,"[5, 37, 37]","[1, 5, 37, 37]"
37,-0.019954164231163467,Y,"[5, 37, 37]","[5, 6, 37, 37]"
37,0.11509485944117367,Y,"[6, 37, 37]","[5, 5, 29, 37, 37]"
6,-0.5079666451760156,Y,"[29, 37]","[37, 37]"
37,-0.019954164231163467,Y,"[5, 37, 37]","[5, 6, 37, 37]"
37,-0.055295581300325095,Y,"[5, 37, 37]","[1, 5, 37, 37]"
3,0.2373396400700855,Y,"[1, 7, 10]","[1, 1, 5, 8, 28]"
7,-0.27328177501722567,Y,[3],"[1, 10]"
10,-0.34489386527643207,Y,"[1, 3, 28]","[1, 1, 3, 5, 7]"
1,0.08853212593041672,Y,"[1, 3, 5, 10]","[3, 5, 5, 5, 7, 28, 37]"
1,-0.0005484788557974153,Y,"[1, 5, 5, 37]","[3, 5, 10, 37, 37]"
37,-0.045262473831222554,Y,"[1, 37, 37]","[1, 5, 5, 5, 5, 37, 37]"
37,-0.05527786156393047,Y,"[5, 37, 37]","[1, 5, 37, 37]"
37,-0.019953852410965315,Y,"[5, 37, 37]","[5, 6, 37, 37]"
37,0.1150948644918877,Y,"[6, 37, 37]","[5, 5, 29, 37, 37]"
6,-0.5079666451557731,Y,"[29, 37]","[37, 37]"
37,-0.019953852410965315,Y,"[5, 37, 37]","[5, 6, 37, 37]"
37,-0.05527786156393047,Y,"[5, 37, 37]","[1, 5, 37, 37]"
3,0.14212509043151375,Y,"[1, 5, 7]","[1, 5, 10]"
7,-0.3010621536724885,Y,[3],"[1, 5]"
23,0.11915802523087578,Y,[8],"[1, 23]"
23,0.11915802523087578,Y,[8],"[1, 23]"
5,0.056947601235054296,Y,[1],"[1, 3, 8]"
5,0.03373842882624291,Y,[1],"[1, 5, 37]"
5,0.03373842882624291,Y,[1],"[1, 5, 37]"
5,0.06269843016861545,Y,[37],"[37, 37]"
5,0.066191496810441,Y,[37],"[37, 37]"
29,0.2930920704964871,Y,[6],[37]
5,0.066191496810441,Y,[37],"[37, 37]"
5,0.06269843016861545,Y,[37],"[37, 37]"
28,0.16377412031166452,Y,[10],"[1, 3]"
5,0.06117551486718798,Y,[1],"[1, 3, 10]"
5,0.0341750457171137,Y,[1],"[1, 5, 37]"
5,0.0341750457171137,Y,[1],"[1, 5, 37]"
5,0.06269874154657727,Y,[37],"[37, 37]"
5,0.06619149930896885,Y,[37],"[37, 37]"
29,0.2930920704965398,Y,[6],[37]
5,0.06619149930896885,Y,[37],"[37, 37]"
5,0.06269874154657727,Y,[37],"[37, 37]"
5,0.10660379471928665,Y,[3],"[1, 7]"
8,-0.319898908794414,R,"[1, 23, 23]","[1, 3, 5]"
1,0.08425786812719492,R,"[1, 3, 5, 8]","[1, 5, 5, 7, 10, 23, 23]"
1,-0.02589778264597035,R,"[1, 1, 5, 5]","[1, 3, 5, 5, 5, 8]"
1,-0.020317068329336718,R,"[1, 1, 5, 5]","[1, 5, 5, 5, 5, 56]"
1,0.06390565561171058,R,"[1, 5, 5, 56]","[1, 5, 5, 36, 57]"
56,-0.278363749650347,R,"[1, 36, 57]","[1, 5, 5, 56, 56]"
57,0.33826574127309966,R,"[56, 56, 56]","[1, 36, 36, 36, 36, 36]"
56,-0.2910376417028098,R,"[36, 36, 57]","[56, 56]"
56,-0.2910376417028098,R,"[36, 36, 57]","[56, 56]"
3,0.23698586862192272,R,"[1, 7, 10]","[1, 1, 5, 8, 28]"
7,-0.27329566527204,R,[3],"[1, 10]"
10,-0.3452433589261549,R,"[1, 3, 28]","[1, 1, 3, 5, 7]"
1,0.08463592574497861,R,"[1, 3, 5, 10]","[1, 3, 5, 5, 5, 7, 28]"
1,-0.022889594850396825,R,"[1, 1, 5, 5]","[1, 3, 5, 5, 5, 10]"
1,-0.01992072554683343,R,"[1, 1, 5, 5]","[1, 5, 5, 5, 5, 56]"
1,0.06392292522826266,R,"[1, 5, 5, 56]","[1, 5, 5, 36, 57]"
56,-0.2783634213466363,R,"[1, 36, 57]","[1, 5, 5, 56, 56]"
57,0.33826574372105,R,"[56, 56, 56]","[1, 36, 36, 36, 36, 36]"
56,-0.2910376416945007,R,"[36, 36, 57]","[56, 56]"
56,-0.2910376416945007,R,"[36, 36, 57]","[56, 56]"
3,0.14178569273657787,R,"[1, 5, 7]","[1, 5, 10]"
7,-0.3010753940175606,R,[3],"[1, 5]"
23,0.1191472111211588,R,[8],"[1, 23]"
23,0.1191472111211588,R,[8],"[1, 23]"
5,0.05659283349473636,R,[1],"[1, 3, 8]"
5,0.02889672198852963,R,[1],"[1, 1, 5]"
5,0.02889672198852963,R,[1],"[1, 1, 5]"
5,0.029971693893667408,R,[1],"[1, 1, 5]"
5,0.029971693893667408,R,[1],"[1, 1, 5]"
5,0.0664150808187011,R,[1],"[1, 5, 56]"
5,0.0664150808187011,R,[1],"[1, 5, 56]"
36,0.25956803435663744,R,[56],"[1, 57]"
36,0.25626985443968353,R,[56],"[36, 57]"
36,0.25626985443968353,R,[56],"[36, 57]"
36,0.25626985443968353,R,[56],"[36, 57]"
36,0.25626985443968353,R,[56],"[36, 57]"
28,0.16375969260614986,R,[10],"[1, 3]"
5,0.06082267036639195,R,[1],"[1, 3, 10]"
5,0.029329769820797293,R,[1],"[1, 1, 5]"
5,0.029329769820797293,R,[1],"[1, 1, 5]"
5,0.029989156432041024,R,[1],"[1, 1, 5]"
5,0.029989156432041024,R,[1],"[1, 1, 5]"
5,0.06641539967826199,R,[1],"[1, 5, 56]"
5,0.06641539967826199,R,[1],"[1, 5, 56]"
36,0.2595680374212928,R,[56],"[1, 57]"
36,0.2562698544397008,R,[56],"[36, 57]"
36,0.2562698544397008,R,[56],"[36, 57]"
36,0.2562698544397008,R,[56],"[36, 57]"
36,0.2562698544397008,R,[56],"[36, 57]"
5,0.10659064384045336,R,[3],"[1, 7]"
8,-0.3201310202762037,R88,"[1, 23, 23]","[1, 3, 5]"
1,0.08129032648484519,R88,"[1, 3, 5, 8]","[5, 5, 5, 7, 10, 23, 23]"
1,-0.04088177367025965,R88,"[1, 5, 5, 5]","[3, 5, 8]"
3,0.23697501544509297,R88,"[1, 7, 10]","[1, 1, 5, 8, 28]"
7,-0.2732979065440261,R88,[3],"[1, 10]"
10,-0.3406241045809324,R88,"[1, 3, 28]","[1, 1, 1, 3, 7]"
1,0.11585659408288984,R88,"[1, 1, 3, 10]","[1, 3, 5, 5, 5, 5, 5, 7, 10, 28]"
1,-0.02102403884637463,R88,"[1, 1, 5, 5]","[1, 1, 3, 5, 5, 10]"
1,-0.05056613029883871,R88,"[1, 1, 5, 5]","[1, 1, 5, 5, 5, 5]"
1,-0.05319329647092418,R88,"[1, 1, 5, 5]","[1, 1, 5, 5, 5, 5]"
1,-0.05300934412315556,R88,"[1, 1, 5, 5]","[1, 1, 5, 5, 5, 5]"
1,-0.049825003369896044,R88,"[1, 1, 5, 5]","[1, 2, 5, 5, 5, 5]"
1,-0.03507346733840311,R88,"[1, 2, 5, 5]","[1, 2, 5, 5, 5]"
2,-0.08853928215605245,R88,"[1, 2, 5]","[1, 1, 5, 5, 5]"
1,-0.03267889635780343,R88,"[1, 5, 5, 5]","[1, 3, 10]"
3,0.24560636253136559,R88,"[1, 7, 10]","[1, 1, 1, 10, 28]"
7,-0.2723755957387,R88,[3],"[1, 10]"
10,-0.34256331264278683,R88,"[1, 3, 28]","[1, 1, 3, 5, 7]"
1,0.10495439820054214,R88,"[1, 3, 5, 10]","[3, 5, 5, 5, 7, 10, 28]"
1,-0.035620770791480814,R88,"[1, 5, 5, 5]","[3, 5, 10]"
3,0.2426395223723076,R88,"[1, 7, 10]","[1, 1, 5, 10, 28]"
7,-0.2727084140582964,R88,[3],"[1, 10]"
10,-0.34018788124675836,R88,"[1, 3, 28]","[1, 1, 1, 3, 7]"
1,0.11587413320384801,R88,"[1, 1, 3, 10]","[1, 3, 5, 5, 5, 5, 5, 7, 10, 28]"
1,-0.021023705327165722,R88,"[1, 1, 5, 5]","[1, 1, 3, 5, 5, 10]"
1,-0.050566127552539954,R88,"[1, 1, 5, 5]","[1, 1, 5, 5, 5, 5]"
1,-0.05319329646035041,R88,"[1, 1, 5, 5]","[1, 1, 5, 5, 5, 5]"
1,-0.053009344123136064,R88,"[1, 1, 5, 5]","[1, 1, 5, 5, 5, 5]"
1,-0.04982500336989602,R88,"[1, 1, 5, 5]","[1, 2, 5, 5, 5, 5]"
1,-0.03507346733840311,R88,"[1, 2, 5, 5]","[1, 2, 5, 5, 5]"
2,-0.08853928215605245,R88,"[1, 2, 5]","[1, 1, 5, 5, 5]"
1,-0.03267856265644148,R88,"[1, 5, 5, 5]","[1, 3, 10]"
3,0.24552819172892706,R88,"[1, 7, 10]","[1, 1, 1, 10, 28]"
7,-0.2723770616318503,R88,[3],"[1, 10]"
10,-0.3448492078896816,R88,"[1, 3, 28]","[1, 1, 3, 5, 7]"
1,0.08173841073291821,R88,"[1, 3, 5, 10]","[3, 5, 5, 5, 5, 7, 28]"
1,-0.037848629509191815,R88,"[1, 5, 5, 5]","[3, 5, 10]"
3,0.14150049928091765,R88,"[1, 5, 7]","[1, 5, 10]"
7,-0.3010872125365078,R88,[3],"[1, 5]"
23,0.11913755013662822,R88,[8],"[1, 23]"
23,0.11913755013662822,R88,[8],"[1, 23]"
5,0.05629263452309465,R88,[1],"[1, 3, 8]"
5,0.025151341512299568,R88,[1],"[1, 5, 5]"
5,0.025151341512299568,R88,[1],"[1, 5, 5]"
5,0.025151341512299568,R88,[1],"[1, 5, 5]"
28,0.16413229001125523,R88,[10],"[1, 3]"
5,0.029586221821158703,R88,[1],"[1, 1, 5]"
5,0.029586221821158703,R88,[1],"[1, 1, 5]"
5,0.026755149355122354,R88,[1],"[1, 1, 5]"
5,0.026755149355122354,R88,[1],"[1, 1, 5]"
5,0.02665484474823263,R88,[1],"[1, 1, 5]"
5,0.02665484474823263,R88,[1],"[1, 1, 5]"
5,0.026663995110760518,R88,[1],"[1, 1, 5]"
5,0.026663995110760518,R88,[1],"[1, 1, 5]"
5,0.02696872442907843,R88,[1],"[1, 1, 5]"
5,0.02696872442907843,R88,[1],"[1, 1, 5]"
5,0.030962817513012407,R88,[1],"[1, 2, 5]"
5,0.030962817513012407,R88,[1],"[1, 2, 5]"
5,0.05724628302074342,R88,[2],"[1, 2]"
5,0.02596867833315912,R88,[1],"[1, 5, 5]"
5,0.02596867833315912,R88,[1],"[1, 5, 5]"
5,0.02596867833315912,R88,[1],"[1, 5, 5]"
28,0.16387883197655956,R88,[10],"[1, 3]"
5,0.06291591306282172,R88,[1],"[1, 3, 10]"
5,0.02566879098747431,R88,[1],"[1, 5, 5]"
5,0.02566879098747431,R88,[1],"[1, 5, 5]"
5,0.02566879098747431,R88,[1],"[1, 5, 5]"
28,0.16415151940768274,R88,[10],"[1, 3]"
5,0.029586224465813896,R88,[1],"[1, 1, 5]"
5,0.029586224465813896,R88,[1],"[1, 1, 5]"
5,0.02675514936523881,R88,[1],"[1, 1, 5]"
5,0.02675514936523881,R88,[1],"[1, 1, 5]"
5,0.026654844748251222,R88,[1],"[1, 1, 5]"
5,0.026654844748251222,R88,[1],"[1, 1, 5]"
5,0.026663995110760532,R88,[1],"[1, 1, 5]"
5,0.026663995110760532,R88,[1],"[1, 1, 5]"
5,0.02696872442907843,R88,[1],"[1, 1, 5]"
5,0.02696872442907843,R88,[1],"[1, 1, 5]"
5,0.030962817513012407,R88,[1],"[1, 2, 5]"
5,0.030962817513012407,R88,[1],"[1, 2, 5]"
5,0.05724628302074342,R88,[2],"[1, 2]"
5,0.02596868096556769,R88,[1],"[1, 5, 5]"
5,0.02596868096556769,R88,[1],"[1, 5, 5]"
5,0.02596868096556769,R88,[1],"[1, 5, 5]"
28,0.163777232331562,R88,[10],"[1, 3]"
5,0.060524606537139,R88,[1],"[1, 3, 10]"
5,0.025582865819964943,R88,[1],"[1, 5, 5]"
5,0.025582865819964943,R88,[1],"[1, 5, 5]"
5,0.025582865819964943,R88,[1],"[1, 5, 5]"
5,0.10657890075915892,R88,[3],"[1, 7]"
8,-0.3282496426013861,EEA,"[1, 23, 23]","[1, 5, 5]"
1,0.015917788665114854,EEA,"[1, 5, 5, 8]","[5, 5, 6, 23, 23]"
1,0.058939624152632784,EEA,"[1, 5, 5, 6]","[1, 5, 5, 8]"
6,-0.3777483700772784,EEA,"[1, 1]","[1, 1, 5, 5, 5, 5]"
1,0.0700614711605058,EEA,"[1, 5, 5, 6]","[1, 5, 5, 6]"
1,0.07008669295548155,EEA,"[1, 5, 5, 6]","[1, 5, 5, 6]"
6,-0.3772306823093814,EEA,"[1, 1]","[1, 1, 5, 5, 5, 5]"
1,0.06407514111164042,EEA,"[1, 5, 5, 6]","[1, 5, 5, 10]"
1,0.04085556059018879,EEA,"[1, 5, 5, 10]","[3, 5, 5, 6, 28]"
10,-0.3537778928578663,EEA,"[1, 3, 28]","[1, 1, 5, 5, 7]"
3,0.22009442249443345,EEA,"[1, 7, 10]","[1, 1, 5, 5, 28]"
7,-0.27512603116271395,EEA,[3],"[1, 10]"
1,0.035233469524331415,EEA,"[1, 3, 5, 5]","[3, 5, 5, 7, 10]"
1,0.035233469524331415,EEA,"[1, 3, 5, 5]","[3, 5, 5, 7, 10]"
3,0.2200944224944334,EEA,"[1, 7, 10]","[1, 1, 5, 5, 28]"
7,-0.27512603116271395,EEA,[3],"[1, 10]"
10,-0.35377789285786626,EEA,"[1, 3, 28]","[1, 1, 5, 5, 7]"
1,0.04085556059022645,EEA,"[1, 5, 5, 10]","[3, 5, 5, 6, 28]"
1,0.0640751411311947,EEA,"[1, 5, 5, 6]","[1, 5, 5, 10]"
6,-0.3772306784230508,EEA,"[1, 1]","[1, 1, 5, 5, 5, 5]"
1,0.07008715319758331,EEA,"[1, 5, 5, 6]","[1, 5, 5, 6]"
1,0.07008715319758321,EEA,"[1, 5, 5, 6]","[1, 5, 5, 6]"
6,-0.37723067842313945,EEA,"[1, 1]","[1, 1, 5, 5, 5, 5]"
1,0.06407514108516327,EEA,"[1, 5, 5, 6]","[1, 5, 5, 10]"
1,0.04085554894404399,EEA,"[1, 5, 5, 10]","[3, 5, 5, 6, 28]"
10,-0.3537791435685381,EEA,"[1, 3, 28]","[1, 1, 5, 5, 7]"
3,0.22000825667028934,EEA,"[1, 7, 10]","[1, 1, 5, 5, 28]"
7,-0.27512763839009463,EEA,[3],"[1, 10]"
1,0.03307894814674009,EEA,"[1, 3, 5, 5]","[3, 5, 5, 7, 10]"
1,0.01179002172634956,EEA,"[1, 3, 5, 5]","[3, 5, 5, 5, 7]"
3,0.12000463615205573,EEA,"[1, 5, 7]","[1, 5, 5]"
7,-0.3033869049336382,EEA,[3],"[1, 5]"
23,0.11847128080133655,EEA,[8],"[1, 23]"
23,0.11847128080133655,EEA,[8],"[1, 23]"
5,0.04495651259898219,EEA,[1],"[1, 5, 8]"
5,0.04495651259898219,EEA,[1],"[1, 5, 8]"
5,0.05800320814692684,EEA,[1],"[1, 5, 6]"
5,0.05800320814692684,EEA,[1],"[1, 5, 6]"
5,0.05910879860123691,EEA,[1],"[1, 5, 6]"
5,0.05910879860123691,EEA,[1],"[1, 5, 6]"
5,0.05910924477072751,EEA,[1],"[1, 5, 6]"
5,0.05910924477072751,EEA,[1],"[1, 5, 6]"
5,0.05853409648687065,EEA,[1],"[1, 5, 6]"
5,0.05853409648687065,EEA,[1],"[1, 5, 6]"
5,0.05153055583916566,EEA,[1],"[1, 5, 10]"
5,0.05153055583916566,EEA,[1],"[1, 5, 10]"
28,0.16304018616085006,EEA,[10],"[1, 3]"
5,0.03720043385147721,EEA,[1],"[1, 3, 5]"
5,0.03720043385147721,EEA,[1],"[1, 3, 5]"
5,0.03720043385147721,EEA,[1],"[1, 3, 5]"
5,0.03720043385147721,EEA,[1],"[1, 3, 5]"
28,0.16304018616085006,EEA,[10],"[1, 3]"
5,0.051530555839165694,EEA,[1],"[1, 5, 10]"
5,0.051530555839165694,EEA,[1],"[1, 5, 10]"
5,0.058534096486906564,EEA,[1],"[1, 5, 6]"
5,0.058534096486906564,EEA,[1],"[1, 5, 6]"
5,0.05910924849495632,EEA,[1],"[1, 5, 6]"
5,0.05910924849495632,EEA,[1],"[1, 5, 6]"
5,0.05910924849495632,EEA,[1],"[1, 5, 6]"
5,0.05910924849495632,EEA,[1],"[1, 5, 6]"
5,0.058534096486822056,EEA,[1],"[1, 5, 6]"
5,0.058534096486822056,EEA,[1],"[1, 5, 6]"
5,0.05153055579511073,EEA,[1],"[1, 5, 10]"
5,0.05153055579511073,EEA,[1],"[1, 5, 10]"
28,0.163040174940225,EEA,[10],"[1, 3]"
5,0.037115110409227665,EEA,[1],"[1, 3, 5]"
5,0.037115110409227665,EEA,[1],"[1, 3, 5]"
5,0.034875987598888665,EEA,[1],"[1, 3, 5]"
5,0.034875987598888665,EEA,[1],"[1, 3, 5]"
5,0.10425448688294936,EEA,[3],"[1, 7]"
8,-0.31734842882281117,B5,"[1, 23, 23]","[1, 1, 3]"
1,0.09537646602488226,B5,"[1, 1, 3, 8]","[1, 1, 5, 5, 5, 5, 7, 10, 23, 23]"
1,-0.025689761799694205,B5,"[1, 1, 5, 5]","[1, 1, 3, 5, 5, 8]"
1,-0.047560700546748484,B5,"[1, 1, 5, 5]","[1, 2, 5, 5, 5, 5]"
1,-0.034990224254565154,B5,"[1, 2, 5, 5]","[1, 2, 5, 5, 5]"
2,-0.08853784685556809,B5,"[1, 2, 5]","[1, 1, 5, 5, 5]"
1,-0.025689761799694205,B5,"[1, 1, 5, 5]","[1, 1, 3, 5, 5, 8]"
1,-0.047560700546748484,B5,"[1, 1, 5, 5]","[1, 2, 5, 5, 5, 5]"
1,-0.034990224254565154,B5,"[1, 2, 5, 5]","[1, 2, 5, 5, 5]"
2,-0.08853784685556809,B5,"[1, 2, 5]","[1, 1, 5, 5, 5]"
3,0.2403669866788612,B5,"[1, 7, 10]","[1, 1, 1, 8, 28]"
7,-0.2729488324018798,B5,[3],"[1, 10]"
10,-0.34228199484872623,B5,"[1, 3, 28]","[1, 1, 1, 3, 7]"
1,0.09550132118591381,B5,"[1, 1, 3, 10]","[1, 1, 3, 5, 5, 5, 5, 5, 7, 28]"
1,-0.022686859742436203,B5,"[1, 1, 5, 5]","[1, 1, 3, 5, 5, 10]"
1,-0.047161387383688844,B5,"[1, 1, 5, 5]","[1, 2, 5, 5, 5, 5]"
1,-0.03497295472380527,B5,"[1, 2, 5, 5]","[1, 2, 5, 5, 5]"
2,-0.08853753394244146,B5,"[1, 2, 5]","[1, 1, 5, 5, 5]"
1,-0.022686859742436203,B5,"[1, 1, 5, 5]","[1, 1, 3, 5, 5, 10]"
1,-0.047161387383688844,B5,"[1, 1, 5, 5]","[1, 2, 5, 5, 5, 5]"
1,-0.03497295472380527,B5,"[1, 2, 5, 5]","[1, 2, 5, 5, 5]"
2,-0.08853753394244146,B5,"[1, 2, 5]","[1, 1, 5, 5, 5]"
3,0.14491776840496168,B5,"[1, 5, 7]","[1, 1, 10]"
7,-0.3007465975777738,B5,[3],"[1, 5]"
23,0.11941854573374386,B5,[8],"[1, 23]"
23,0.11941854573374386,B5,[8],"[1, 23]"
5,0.029085739018902206,B5,[1],"[1, 1, 5]"
5,0.029085739018902206,B5,[1],"[1, 1, 5]"
5,0.02705234215931681,B5,[1],"[1, 1, 5]"
5,0.02705234215931681,B5,[1],"[1, 1, 5]"
5,0.03096419434222402,B5,[1],"[1, 2, 5]"
5,0.03096419434222402,B5,[1],"[1, 2, 5]"
5,0.05724629396769428,B5,[2],"[1, 2]"
5,0.029085739018902206,B5,[1],"[1, 1, 5]"
5,0.029085739018902206,B5,[1],"[1, 1, 5]"
5,0.02705234215931681,B5,[1],"[1, 1, 5]"
5,0.02705234215931681,B5,[1],"[1, 1, 5]"
5,0.03096419434222402,B5,[1],"[1, 2, 5]"
5,0.03096419434222402,B5,[1],"[1, 2, 5]"
5,0.05724629396769428,B5,[2],"[1, 2]"
28,0.16406122488442526,B5,[10],"[1, 3]"
5,0.02952133303148854,B5,[1],"[1, 1, 5]"
5,0.02952133303148854,B5,[1],"[1, 1, 5]"
5,0.02706975389713386,B5,[1],"[1, 1, 5]"
5,0.02706975389713386,B5,[1],"[1, 1, 5]"
5,0.03096449997390692,B5,[1],"[1, 2, 5]"
5,0.03096449997390692,B5,[1],"[1, 2, 5]"
5,0.05724629644970915,B5,[2],"[1, 2]"
5,0.02952133303148854,B5,[1],"[1, 1, 5]"
5,0.02952133303148854,B5,[1],"[1, 1, 5]"
5,0.02706975389713386,B5,[1],"[1, 1, 5]"
5,0.02706975389713386,B5,[1],"[1, 1, 5]"
5,0.03096449997390692,B5,[1],"[1, 2, 5]"
5,0.03096449997390692,B5,[1],"[1, 2, 5]"
5,0.05724629644970915,B5,[2],"[1, 2]"
5,0.10692290297585809,B5,[3],"[1, 7]"
8,-0.3199093931570579,V,"[1, 23, 23]","[1, 3, 5]"
1,0.08387494870277899,V,"[1, 3, 5, 8]","[1, 5, 5, 7, 10, 23, 23]"
1,-0.03176466567311523,V,"[1, 1, 5, 5]","[3, 5, 5, 5, 5, 8]"
1,-0.06339174851066602,V,"[1, 5, 5, 5]","[1, 5, 5]"
3,0.23697263543084607,V,"[1, 7, 10]","[1, 1, 5, 8, 28]"
7,-0.2732958902704422,V,[3],"[1, 10]"
10,-0.3452565379864314,V,"[1, 3, 28]","[1, 1, 3, 5, 7]"
1,0.0842549591321198,V,"[1, 3, 5, 10]","[1, 3, 5, 5, 5, 7, 28]"
1,-0.028754482737500867,V,"[1, 1, 5, 5]","[3, 5, 5, 5, 5, 10]"
1,-0.0629940100000707,V,"[1, 5, 5, 5]","[1, 5, 5]"
3,0.14177268196953255,V,"[1, 5, 7]","[1, 5, 10]"
7,-0.30107561096376423,V,[3],"[1, 5]"
23,0.11914703579506394,V,[8],"[1, 23]"
23,0.11914703579506394,V,[8],"[1, 23]"
5,0.056579951737414466,V,[1],"[1, 3, 8]"
5,0.02849268808018821,V,[1],"[1, 1, 5]"
5,0.02849268808018821,V,[1],"[1, 1, 5]"
5,0.023107693885399735,V,[1],"[1, 5, 5]"
5,0.023107693885399735,V,[1],"[1, 5, 5]"
5,0.023107693885399735,V,[1],"[1, 5, 5]"
28,0.1637594594489617,V,[10],"[1, 3]"
5,0.06080980362935242,V,[1],"[1, 3, 10]"
5,0.02892518282295133,V,[1],"[1, 1, 5]"
5,0.02892518282295133,V,[1],"[1, 1, 5]"
5,0.023124858094662425,V,[1],"[1, 5, 5]"
5,0.023124858094662425,V,[1],"[1, 5, 5]"
5,0.023124858094662425,V,[1],"[1, 5, 5]"
5,0.10659042991144907,V,[3],"[1, 7]"
8,-0.3058633887627584,P,"[1, 1, 23]","[1, 1, 3, 5, 5, 5]"
1,-0.0040741839414005715,P,"[1, 5, 5, 8]","[1, 1, 5, 5, 23]"
1,-0.03865130015948926,P,"[1, 1, 5, 5]","[1, 5, 5, 5, 5, 8]"
1,-0.027475899393268978,P,"[1, 1, 5, 5]","[1, 3, 5, 5, 5, 8]"
1,0.08690189626897316,P,"[1, 3, 5, 8]","[1, 1, 5, 5, 7, 10, 23]"
3,0.23980907313160119,P,"[1, 7, 10]","[1, 1, 1, 5, 8]"
7,-0.2730541452026386,P,[3],"[1, 10]"
10,-0.3316002879444652,P,"[1, 1, 3]","[1, 1, 1, 3, 5, 5, 5, 7]"
1,0.021356173053722435,P,"[1, 5, 5, 10]","[1, 1, 3, 5, 5]"
1,-0.03302511771664926,P,"[1, 1, 5, 5]","[1, 5, 5, 5, 5, 10]"
1,-0.023994131702826386,P,"[1, 1, 5, 5]","[1, 3, 5, 5, 5, 10]"
1,0.0874314835956953,P,"[1, 3, 5, 10]","[1, 1, 3, 5, 5, 5, 7]"
3,0.14201150048139602,P,"[1, 5, 7]","[1, 5, 10]"
7,-0.3010671175274929,P,[3],"[1, 5]"
23,0.12297563260481349,P,[8],"[1, 1]"
5,0.04281128864422296,P,[1],"[1, 5, 8]"
5,0.04281128864422296,P,[1],"[1, 5, 8]"
5,0.028027767477464632,P,[1],"[1, 1, 5]"
5,0.028027767477464632,P,[1],"[1, 1, 5]"
5,0.028832699375347087,P,[1],"[1, 1, 5]"
5,0.028832699375347087,P,[1],"[1, 1, 5]"
5,0.05682914460096301,P,[1],"[1, 3, 8]"
5,0.049405665580190085,P,[1],"[1, 5, 10]"
5,0.049405665580190085,P,[1],"[1, 5, 10]"
5,0.028556596209371933,P,[1],"[1, 1, 5]"
5,0.028556596209371933,P,[1],"[1, 1, 5]"
5,0.029283778655878903,P,[1],"[1, 1, 5]"
5,0.029283778655878903,P,[1],"[1, 1, 5]"
5,0.061056216065049664,P,[1],"[1, 3, 10]"
5,0.10659886066382397,P,[3],"[1, 7]"
8,-0.3201310202761943,B88,"[1, 23, 23]","[1, 3, 5]"
1,0.08129032649096263,B88,"[1, 3, 5, 8]","[5, 5, 5, 7, 10, 23, 23]"
1,-0.040881773670247805,B88,"[1, 5, 5, 5]","[3, 5, 8]"
3,0.23697501688693198,B88,"[1, 7, 10]","[1, 1, 5, 8, 28]"
7,-0.27329790653806224,B88,[3],"[1, 10]"
10,-0.340623903522984,B88,"[1, 3, 28]","[1, 1, 1, 3, 7]"
1,0.115867605759526,B88,"[1, 1, 3, 10]","[1, 3, 5, 5, 5, 5, 5, 7, 10, 28]"
1,-0.020729521321636402,B88,"[1, 1, 5, 5]","[1, 1, 3, 5, 5, 10]"
1,-0.04708575329968746,B88,"[1, 1, 5, 5]","[1, 2, 5, 5, 5, 5]"
1,-0.03497165840237036,B88,"[1, 2, 5, 5]","[1, 2, 5, 5, 5]"
2,-0.08853752090604824,B88,"[1, 2, 5]","[1, 1, 5, 5, 5]"
1,-0.03267869639463962,B88,"[1, 5, 5, 5]","[1, 3, 10]"
3,0.24560656380834428,B88,"[1, 7, 10]","[1, 1, 1, 10, 28]"
7,-0.27237559398685096,B88,[3],"[1, 10]"
10,-0.34256331001820334,B88,"[1, 3, 28]","[1, 1, 3, 5, 7]"
1,0.10495454862182532,B88,"[1, 3, 5, 10]","[3, 5, 5, 5, 7, 10, 28]"
1,-0.03562076954307266,B88,"[1, 5, 5, 5]","[3, 5, 10]"
3,0.24264782647992678,B88,"[1, 7, 10]","[1, 1, 5, 10, 28]"
7,-0.2727082649491978,B88,[3],"[1, 10]"
10,-0.3399289600070613,B88,"[1, 3, 28]","[1, 1, 1, 3, 7]"
1,0.11871001655431875,B88,"[1, 1, 3, 10]","[1, 1, 3, 5, 5, 5, 5, 7, 10, 28]"
1,-0.02044929910192555,B88,"[1, 1, 5, 5]","[1, 1, 3, 5, 5, 10]"
1,-0.04707484877662677,B88,"[1, 1, 5, 5]","[1, 2, 5, 5, 5, 5]"
1,-0.03497147104765858,B88,"[1, 2, 5, 5]","[1, 2, 5, 5, 5]"
2,-0.08853751939667401,B88,"[1, 2, 5]","[1, 1, 5, 5, 5]"
1,-0.02044929910192555,B88,"[1, 1, 5, 5]","[1, 1, 3, 5, 5, 10]"
1,-0.04707484877662677,B88,"[1, 1, 5, 5]","[1, 2, 5, 5, 5, 5]"
1,-0.03497147104765858,B88,"[1, 2, 5, 5]","[1, 2, 5, 5, 5]"
2,-0.08853751939667401,B88,"[1, 2, 5]","[1, 1, 5, 5, 5]"
3,0.2458964404494938,B88,"[1, 7, 10]","[1, 1, 1, 10, 28]"
7,-0.2723631911930355,B88,[3],"[1, 10]"
10,-0.3425538081239063,B88,"[1, 3, 28]","[1, 1, 3, 5, 7]"
1,0.10495458682852114,B88,"[1, 3, 5, 10]","[3, 5, 5, 5, 7, 10, 28]"
1,-0.035620769191637584,B88,"[1, 5, 5, 5]","[3, 5, 10]"
3,0.24263952541904305,B88,"[1, 7, 10]","[1, 1, 5, 10, 28]"
7,-0.27270841404566387,B88,[3],"[1, 10]"
10,-0.340187680182968,B88,"[1, 3, 28]","[1, 1, 1, 3, 7]"
1,0.11588514487710135,B88,"[1, 1, 3, 10]","[1, 3, 5, 5, 5, 5, 5, 7, 10, 28]"
1,-0.020729187802702692,B88,"[1, 1, 5, 5]","[1, 1, 3, 5, 5, 10]"
1,-0.04708575055313334,B88,"[1, 1, 5, 5]","[1, 2, 5, 5, 5, 5]"
1,-0.03497165839178081,B88,"[1, 2, 5, 5]","[1, 2, 5, 5, 5]"
2,-0.08853752090602855,B88,"[1, 2, 5]","[1, 1, 5, 5, 5]"
1,-0.03267836269234839,B88,"[1, 5, 5, 5]","[1, 3, 10]"
3,0.24552839300268706,B88,"[1, 7, 10]","[1, 1, 1, 10, 28]"
7,-0.2723770598800368,B88,[3],"[1, 10]"
10,-0.344849206516728,B88,"[1, 3, 28]","[1, 1, 3, 5, 7]"
1,0.08173841073904763,B88,"[1, 3, 5, 10]","[3, 5, 5, 5, 5, 7, 28]"
1,-0.03784862950917995,B88,"[1, 5, 5, 5]","[3, 5, 10]"
3,0.14150049928092953,B88,"[1, 5, 7]","[1, 5, 10]"
7,-0.3010872125365078,B88,[3],"[1, 5]"
23,0.11913755013662822,B88,[8],"[1, 23]"
23,0.11913755013662822,B88,[8],"[1, 23]"
5,0.05629263452310595,B88,[1],"[1, 3, 8]"
5,0.02515134151229958,B88,[1],"[1, 5, 5]"
5,0.02515134151229958,B88,[1],"[1, 5, 5]"
5,0.02515134151229958,B88,[1],"[1, 5, 5]"
28,0.1641322918188879,B88,[10],"[1, 3]"
5,0.02959735007119073,B88,[1],"[1, 1, 5]"
5,0.02959735007119073,B88,[1],"[1, 1, 5]"
5,0.027071019312099657,B88,[1],"[1, 1, 5]"
5,0.027071019312099657,B88,[1],"[1, 1, 5]"
5,0.03096451002029632,B88,[1],"[1, 2, 5]"
5,0.03096451002029632,B88,[1],"[1, 2, 5]"
5,0.057246296497587536,B88,[2],"[1, 2]"
5,0.025968679877687584,B88,[1],"[1, 5, 5]"
5,0.025968679877687584,B88,[1],"[1, 5, 5]"
5,0.025968679877687584,B88,[1],"[1, 5, 5]"
28,0.16387883198772846,B88,[10],"[1, 3]"
5,0.06291591426462143,B88,[1],"[1, 3, 10]"
5,0.02566879099200489,B88,[1],"[1, 5, 5]"
5,0.02566879099200489,B88,[1],"[1, 5, 5]"
5,0.02566879099200489,B88,[1],"[1, 5, 5]"
28,0.16416224714290814,B88,[10],"[1, 3]"
5,0.029608311268868315,B88,[1],"[1, 1, 5]"
5,0.029608311268868315,B88,[1],"[1, 1, 5]"
5,0.027071202206203147,B88,[1],"[1, 1, 5]"
5,0.027071202206203147,B88,[1],"[1, 1, 5]"
5,0.030964511473785133,B88,[1],"[1, 2, 5]"
5,0.030964511473785133,B88,[1],"[1, 2, 5]"
5,0.05724629650314497,B88,[2],"[1, 2]"
5,0.029608311268868315,B88,[1],"[1, 1, 5]"
5,0.029608311268868315,B88,[1],"[1, 1, 5]"
5,0.027071202206203147,B88,[1],"[1, 1, 5]"
5,0.027071202206203147,B88,[1],"[1, 1, 5]"
5,0.030964511473785133,B88,[1],"[1, 2, 5]"
5,0.030964511473785133,B88,[1],"[1, 2, 5]"
5,0.05724629650314497,B88,[2],"[1, 2]"
28,0.1638790165085182,B88,[10],"[1, 3]"
5,0.06291591460314112,B88,[1],"[1, 3, 10]"
5,0.025668790993344417,B88,[1],"[1, 5, 5]"
5,0.025668790993344417,B88,[1],"[1, 5, 5]"
5,0.025668790993344417,B88,[1],"[1, 5, 5]"
28,0.16415152121545065,B88,[10],"[1, 3]"
5,0.02959735271614904,B88,[1],"[1, 1, 5]"
5,0.02959735271614904,B88,[1],"[1, 1, 5]"
5,0.027071019322231778,B88,[1],"[1, 1, 5]"
5,0.027071019322231778,B88,[1],"[1, 1, 5]"
5,0.030964510020315087,B88,[1],"[1, 2, 5]"
5,0.030964510020315087,B88,[1],"[1, 2, 5]"
5,0.05724629649758756,B88,[2],"[1, 2]"
5,0.025968682510102148,B88,[1],"[1, 5, 5]"
5,0.025968682510102148,B88,[1],"[1, 5, 5]"
5,0.025968682510102148,B88,[1],"[1, 5, 5]"
28,0.16377723233742922,B88,[10],"[1, 3]"
5,0.06052460653715032,B88,[1],"[1, 3, 10]"
5,0.02558286581996495,B88,[1],"[1, 5, 5]"
5,0.02558286581996495,B88,[1],"[1, 5, 5]"
5,0.02558286581996495,B88,[1],"[1, 5, 5]"
5,0.10657890075915893,B88,[3],"[1, 7]"
8,-0.3196232854608728,F,"[1, 23, 23]","[1, 3, 5]"
1,0.08821202823029026,F,"[1, 3, 5, 8]","[5, 5, 7, 10, 23, 23, 37]"
1,-0.003544983495876583,F,"[1, 5, 5, 37]","[3, 5, 8, 37, 37]"
37,-0.04594705476548215,F,"[1, 37, 37]","[1, 5, 5, 5, 5, 37, 37]"
37,-0.05897032841914905,F,"[5, 37, 37]","[1, 5, 37, 37]"
37,-0.06199305897444151,F,"[5, 37, 37]","[5, 5, 37, 37]"
37,-0.06224871986450356,F,"[5, 37, 37]","[5, 5, 37, 37]"
37,-0.06199305897444151,F,"[5, 37, 37]","[5, 5, 37, 37]"
37,-0.05897032841914905,F,"[5, 37, 37]","[1, 5, 37, 37]"
3,0.23733963992212784,F,"[1, 7, 10]","[1, 1, 5, 8, 28]"
7,-0.2732817750175198,F,[3],"[1, 10]"
10,-0.3448938654245096,F,"[1, 3, 28]","[1, 1, 3, 5, 7]"
1,0.08853208919322865,F,"[1, 3, 5, 10]","[3, 5, 5, 5, 7, 28, 37]"
1,-0.0005530422635347135,F,"[1, 5, 5, 37]","[3, 5, 10, 37, 37]"
37,-0.045531036748063254,F,"[1, 37, 37]","[1, 5, 5, 5, 5, 37, 37]"
37,-0.05895260830470343,F,"[5, 37, 37]","[1, 5, 37, 37]"
37,-0.061992747376441004,F,"[5, 37, 37]","[5, 5, 37, 37]"
37,-0.0622487148825999,F,"[5, 37, 37]","[5, 5, 37, 37]"
37,-0.061992747376441004,F,"[5, 37, 37]","[5, 5, 37, 37]"
37,-0.05895260830470343,F,"[5, 37, 37]","[1, 5, 37, 37]"
3,0.142125090283661,F,"[1, 5, 7]","[1, 5, 10]"
7,-0.3010621536727743,F,[3],"[1, 5]"
23,0.11915802523064646,F,[8],"[1, 23]"
23,0.11915802523064646,F,[8],"[1, 23]"
5,0.05694760109395203,F,[1],"[1, 3, 8]"
5,0.0337383934657482,F,[1],"[1, 5, 37]"
5,0.0337383934657482,F,[1],"[1, 5, 37]"
5,0.06256156609316296,F,[37],"[37, 37]"
5,0.06227867432869493,F,[37],"[37, 37]"
5,0.06226889625623641,F,[37],"[37, 37]"
5,0.06227867432869493,F,[37],"[37, 37]"
5,0.06256156609316296,F,[37],"[37, 37]"
28,0.16377412031136065,F,[10],"[1, 3]"
5,0.06117551472592328,F,[1],"[1, 3, 10]"
5,0.034175010308438086,F,[1],"[1, 5, 37]"
5,0.034175010308438086,F,[1],"[1, 5, 37]"
5,0.06256187714926431,F,[37],"[37, 37]"
5,0.06227867679136269,F,[37],"[37, 37]"
5,0.06226889627478455,F,[37],"[37, 37]"
5,0.06227867679136269,F,[37],"[37, 37]"
5,0.06256187714926431,F,[37],"[37, 37]"
5,0.1066037947190064,F,[3],"[1, 7]"
8,-0.32013115419725435,A,"[1, 23, 23]","[1, 3, 5]"
1,0.08128024405920233,A,"[1, 3, 5, 8]","[5, 5, 5, 7, 10, 23, 23]"
1,-0.040881939400614895,A,"[1, 5, 5, 5]","[3, 5, 8]"
3,0.2366872535819017,A,"[1, 7, 10]","[1, 1, 5, 8, 28]"
7,-0.27330807609732005,A,[3],"[1, 10]"
10,-0.3455381032982359,A,"[1, 3, 28]","[1, 1, 3, 5, 7]"
1,0.08170825855913415,A,"[1, 3, 5, 10]","[3, 5, 5, 5, 5, 7, 28]"
1,-0.03784917126405916,A,"[1, 5, 5, 5]","[3, 5, 10]"
3,0.14149995446683802,A,"[1, 5, 7]","[1, 5, 10]"
7,-0.30108721713793063,A,[3],"[1, 5]"
23,0.1191375490508027,A,[8],"[1, 23]"
23,0.1191375490508027,A,[8],"[1, 23]"
5,0.05629247299767565,A,[1],"[1, 3, 8]"
5,0.02515134028928412,A,[1],"[1, 5, 5]"
5,0.02515134028928412,A,[1],"[1, 5, 5]"
5,0.02515134028928412,A,[1],"[1, 5, 5]"
28,0.16374679967363884,A,[10],"[1, 3]"
5,0.06052407793629364,A,[1],"[1, 3, 10]"
5,0.02558286163851362,A,[1],"[1, 5, 5]"
5,0.02558286163851362,A,[1],"[1, 5, 5]"
5,0.02558286163851362,A,[1],"[1, 5, 5]"
5,0.10657889623573202,A,[3],"[1, 7]"
8,-0.31988828215607185,Q,"[1, 23, 23]","[1, 3, 5]"
1,0.08463527808655451,Q,"[1, 3, 5, 8]","[1, 5, 5, 7, 10, 23, 23]"
1,-0.020117954423825263,Q,"[1, 1, 5, 5]","[3, 3, 5, 5, 5, 8]"
1,0.02823043280080696,Q,"[1, 3, 5, 5]","[1, 5, 5, 7, 10]"
3,0.21698838888557068,Q,"[1, 7, 10]","[1, 5, 5, 28, 28]"
10,-0.3696789027557154,Q,"[3, 28, 28]","[1, 7]"
7,-0.27537279930988745,Q,[3],"[1, 10]"
3,0.23699928512973484,Q,"[1, 7, 10]","[1, 1, 5, 8, 28]"
7,-0.27329543227802794,Q,[3],"[1, 10]"
10,-0.34522999888461137,Q,"[1, 3, 28]","[1, 1, 3, 5, 7]"
1,0.08501134410547502,Q,"[1, 3, 5, 10]","[1, 3, 5, 5, 5, 7, 28]"
1,-0.017111707843381244,Q,"[1, 1, 5, 5]","[3, 3, 5, 5, 5, 10]"
1,0.028626049573155312,Q,"[1, 3, 5, 5]","[1, 5, 5, 7, 10]"
3,0.2170063164495856,Q,"[1, 7, 10]","[1, 5, 5, 28, 28]"
10,-0.369678629049178,Q,"[3, 28, 28]","[1, 7]"
7,-0.2753724476552247,Q,[3],"[1, 10]"
3,0.14179887855635154,Q,"[1, 5, 7]","[1, 5, 10]"
7,-0.30107516938626205,Q,[3],"[1, 5]"
23,0.11914739267565455,Q,[8],"[1, 23]"
23,0.11914739267565455,Q,[8],"[1, 23]"
5,0.056605900127822927,Q,[1],"[1, 3, 8]"
5,0.0292960790127142,Q,[1],"[1, 1, 5]"
5,0.0292960790127142,Q,[1],"[1, 1, 5]"
5,0.036737924998897366,Q,[1],"[1, 3, 5]"
5,0.036737924998897366,Q,[1],"[1, 3, 5]"
28,0.15909983937537114,Q,[10],"[3, 28]"
28,0.15909983937537114,Q,[10],"[3, 28]"
28,0.16375993405769096,Q,[10],"[1, 3]"
5,0.060835721043433086,Q,[1],"[1, 3, 10]"
5,0.029729673502246763,Q,[1],"[1, 1, 5]"
5,0.029729673502246763,Q,[1],"[1, 1, 5]"
5,0.036755713335507145,Q,[1],"[1, 3, 5]"
5,0.036755713335507145,Q,[1],"[1, 3, 5]"
28,0.15909984188037812,Q,[10],"[3, 28]"
28,0.15909984188037812,Q,[10],"[3, 28]"
5,0.10659086536446506,Q,[3],"[1, 7]"
8,-0.3196202035528233,pff,"[1, 23, 23]","[1, 3, 5]"
1,0.08842982635280021,pff,"[1, 3, 5, 8]","[5, 5, 7, 10, 23, 23, 37]"
1,0.0025049090688179293,pff,"[1, 5, 5, 37]","[3, 5, 8, 37, 37]"
37,0.03195744055147611,pff,"[1, 37, 37]","[1, 5, 5, 11, 11, 37, 37]"
37,0.16780350951705708,pff,"[11, 37, 37]","[1, 11, 37, 37]"
11,-0.20322024192605856,pff,[37],"[37, 37]"
37,0.19746490437066583,pff,"[11, 37, 37]","[11, 11, 37, 37]"
11,-0.20036262837065796,pff,[37],"[37, 37]"
37,0.20003878451181087,pff,"[11, 37, 37]","[11, 11, 37, 37]"
11,-0.20025636364841384,pff,[37],"[37, 37]"
37,0.19746490437066583,pff,"[11, 37, 37]","[11, 11, 37, 37]"
11,-0.20036262837065796,pff,[37],"[37, 37]"
37,0.16780350951705708,pff,"[11, 37, 37]","[1, 11, 37, 37]"
11,-0.20322024192605856,pff,[37],"[37, 37]"
3,0.23734350477197416,pff,"[1, 7, 10]","[1, 1, 5, 8, 28]"
7,-0.27328174198328004,pff,[3],"[1, 10]"
10,-0.3448900061212292,pff,"[1, 3, 28]","[1, 1, 3, 5, 7]"
1,0.08874943175564495,pff,"[1, 3, 5, 10]","[3, 5, 5, 5, 7, 28, 37]"
1,0.00549607834943604,pff,"[1, 5, 5, 37]","[3, 5, 10, 37, 37]"
37,0.03237258932451807,pff,"[1, 37, 37]","[1, 5, 5, 11, 11, 37, 37]"
37,0.16782154331470428,pff,"[11, 37, 37]","[1, 11, 37, 37]"
11,-0.20321989645732494,pff,[37],"[37, 37]"
37,0.1974652448291759,pff,"[11, 37, 37]","[11, 11, 37, 37]"
11,-0.20036262539456956,pff,[37],"[37, 37]"
37,0.200038790422654,pff,"[11, 37, 37]","[11, 11, 37, 37]"
11,-0.20025636362402346,pff,[37],"[37, 37]"
37,0.1974652448291759,pff,"[11, 37, 37]","[11, 11, 37, 37]"
11,-0.20036262539456956,pff,[37],"[37, 37]"
37,0.16782154331470428,pff,"[11, 37, 37]","[1, 11, 37, 37]"
11,-0.20321989645732494,pff,[37],"[37, 37]"
3,0.14212892456561127,pff,"[1, 5, 7]","[1, 5, 10]"
7,-0.3010621216828574,pff,[3],"[1, 5]"
23,0.11915805098244371,pff,[8],"[1, 23]"
23,0.11915805098244371,pff,[8],"[1, 23]"
5,0.05695132026761468,pff,[1],"[1, 3, 8]"
5,0.0339571131156529,pff,[1],"[1, 5, 37]"
5,0.0339571131156529,pff,[1],"[1, 5, 37]"
28,0.1637741544843768,pff,[10],"[1, 3]"
5,0.06117923401328132,pff,[1],"[1, 3, 10]"
5,0.034394019022161264,pff,[1],"[1, 5, 37]"
5,0.034394019022161264,pff,[1],"[1, 5, 37]"
5,0.10660382616611072,pff,[3],"[1, 7]"
8,-0.3177526526862182,T,"[1, 23, 23]","[1, 3, 5]"
1,0.11011853791559571,T,"[1, 3, 5, 8]","[1, 5, 6, 7, 10, 23, 23]"
1,0.07528927327429265,T,"[1, 1, 5, 6]","[3, 5, 5, 5, 5, 8, 21]"
6,-0.3912456799073056,T,"[1, 21]","[1, 1, 5]"
1,-0.036880616055087925,T,"[1, 5, 5, 5]","[1, 5, 6]"
3,0.23974507716080995,T,"[1, 7, 10]","[1, 1, 5, 8, 28]"
7,-0.273179137705192,T,[3],"[1, 10]"
10,-0.3425480561525083,T,"[1, 3, 28]","[1, 1, 3, 5, 7]"
1,0.11006659077811796,T,"[1, 3, 5, 10]","[1, 3, 5, 5, 6, 7, 28]"
1,0.07820153070918287,T,"[1, 1, 5, 6]","[3, 5, 5, 5, 5, 10, 21]"
6,-0.3908095669723922,T,"[1, 21]","[1, 1, 5]"
1,-0.0364680459529537,T,"[1, 5, 5, 5]","[1, 5, 6]"
3,0.14442752723238614,T,"[1, 5, 7]","[1, 5, 10]"
7,-0.30096431955639935,T,[3],"[1, 5]"
23,0.11923795163935856,T,[8],"[1, 23]"
23,0.11923795163935856,T,[8],"[1, 23]"
5,0.05937236116775322,T,[1],"[1, 3, 8]"
5,0.06195555305502929,T,[1],"[1, 1, 6]"
21,0.21053334824127767,T,[6],[1]
5,0.02574628974039412,T,[1],"[1, 5, 5]"
5,0.02574628974039412,T,[1],"[1, 5, 5]"
5,0.02574628974039412,T,[1],"[1, 5, 5]"
28,0.1638785124253682,T,[10],"[1, 3]"
5,0.06358738441136617,T,[1],"[1, 3, 10]"
5,0.06240551026908107,T,[1],"[1, 1, 6]"
21,0.21055771511445132,T,[6],[1]
5,0.02576445462935896,T,[1],"[1, 5, 5]"
5,0.02576445462935896,T,[1],"[1, 5, 5]"
5,0.02576445462935896,T,[1],"[1, 5, 5]"
5,0.10670101684536873,T,[3],"[1, 7]"
8,-0.31962215504897584,W,"[1, 23, 23]","[1, 3, 5]"
1,0.08829069422025036,W,"[1, 3, 5, 8]","[5, 5, 7, 10, 23, 23, 64]"
1,-0.0014319404554563636,W,"[1, 5, 5, 64]","[3, 5, 8, 63, 64]"
64,-0.020571310950513885,W,"[1, 63, 64]","[1, 5, 5, 5, 37, 39, 63]"
63,0.004973295874855791,W,"[5, 39, 64]","[1, 23, 63, 64]"
39,-0.3608888070126594,W,"[23, 63, 63]","[5, 37, 64, 64]"
63,0.045629809173982204,W,"[37, 39, 64]","[5, 23, 37, 37, 63, 64]"
37,-0.03800302196261537,W,"[5, 37, 63]","[5, 37, 39, 64]"
37,-0.060158911668129825,W,"[5, 37, 37]","[5, 5, 37, 63]"
37,-0.0615092332745836,W,"[5, 37, 37]","[5, 5, 37, 64]"
37,-0.05256270082048996,W,"[5, 37, 64]","[5, 37, 63, 64]"
64,0.002633259328854309,W,"[37, 63, 64]","[1, 5, 37, 37, 39, 63]"
3,0.2373410575753195,W,"[1, 7, 10]","[1, 1, 5, 8, 28]"
7,-0.2732817628143236,W,[3],"[1, 10]"
10,-0.3448924498340731,W,"[1, 3, 28]","[1, 1, 3, 5, 7]"
1,0.08861058652992089,W,"[1, 3, 5, 10]","[3, 5, 5, 5, 7, 28, 64]"
1,0.0015597117497520767,W,"[1, 5, 5, 64]","[3, 5, 10, 63, 64]"
64,-0.0201555822909737,W,"[1, 63, 64]","[1, 5, 5, 5, 37, 39, 63]"
63,0.004991127436376302,W,"[5, 39, 64]","[1, 23, 63, 64]"
39,-0.360888485020219,W,"[23, 63, 63]","[5, 37, 64, 64]"
63,0.04563013173164554,W,"[37, 39, 64]","[5, 23, 37, 37, 63, 64]"
37,-0.03800301930254343,W,"[5, 37, 63]","[5, 37, 39, 64]"
37,-0.06015891164829266,W,"[5, 37, 37]","[5, 5, 37, 63]"
37,-0.061509230708267915,W,"[5, 37, 37]","[5, 5, 37, 64]"
37,-0.052562380852092916,W,"[5, 37, 64]","[5, 37, 63, 64]"
64,0.002651086354234172,W,"[37, 63, 64]","[1, 5, 37, 37, 39, 63]"
3,0.14212649663134105,W,"[1, 5, 7]","[1, 5, 10]"
7,-0.3010621418555349,W,[3],"[1, 5]"
23,0.11915803474361786,W,[8],"[1, 23]"
23,0.11915803474361786,W,[8],"[1, 23]"
5,0.056948965425423076,W,[1],"[1, 3, 8]"
5,0.03381745753274764,W,[1],"[1, 5, 64]"
5,0.03381745753274764,W,[1],"[1, 5, 64]"
5,0.08187279338513163,W,[63],"[39, 64]"
23,0.16593663209930723,W,[39],"[63, 63]"
5,0.06449098389063408,W,[37],"[37, 63]"
5,0.062346225362980984,W,[37],"[37, 37]"
5,0.06229286844480711,W,[37],"[37, 37]"
5,0.06299116552738633,W,[37],"[37, 64]"
28,0.1637741329353029,W,[10],"[1, 3]"
5,0.06117687908622349,W,[1],"[1, 3, 10]"
5,0.03425417887873445,W,[1],"[1, 5, 64]"
5,0.03425417887873445,W,[1],"[1, 5, 64]"
5,0.08187311329848848,W,[63],"[39, 64]"
23,0.1659366350289639,W,[39],"[63, 63]"
5,0.06449098390059936,W,[37],"[37, 63]"
5,0.062346225363016344,W,[37],"[37, 37]"
5,0.062292868454364624,W,[37],"[37, 37]"
5,0.06299116806453577,W,[37],"[37, 64]"
5,0.10660380633584818,W,[3],"[1, 7]"
8,-0.3195737113308736,H,"[1, 23, 23]","[1, 3, 5]"
1,0.08978543499786508,H,"[1, 3, 5, 8]","[5, 5, 7, 10, 23, 23, 64]"
1,0.01542493394653271,H,"[1, 5, 5, 64]","[3, 5, 8, 63, 66]"
64,0.06017159569101973,H,"[1, 63, 66]","[1, 5, 5, 5, 39, 63]"
63,0.02361107923879261,H,"[5, 39, 64]","[1, 23, 63, 66]"
39,-0.3509036424431755,H,"[23, 63, 63]","[5, 5, 64, 66]"
63,0.09225656699926295,H,"[5, 39, 66]","[23, 63, 64]"
66,-0.24194971148588212,H,"[63, 64]","[1, 5, 39, 63]"
3,0.2374022724009925,H,"[1, 7, 10]","[1, 1, 5, 8, 28]"
7,-0.2732806306038015,H,[3],"[1, 10]"
10,-0.34483151720621225,H,"[1, 3, 28]","[1, 1, 3, 5, 7]"
1,0.09009595192555855,H,"[1, 3, 5, 10]","[3, 5, 5, 5, 7, 28, 64]"
1,0.01840806322193641,H,"[1, 5, 5, 64]","[3, 5, 10, 63, 66]"
64,0.06058798482222694,H,"[1, 63, 66]","[1, 5, 5, 5, 39, 63]"
63,0.0236294552502322,H,"[5, 39, 64]","[1, 23, 63, 66]"
39,-0.3509033079133627,H,"[23, 63, 63]","[5, 5, 64, 66]"
63,0.09225695205227717,H,"[5, 39, 66]","[23, 63, 64]"
66,-0.2419311053212345,H,"[63, 64]","[1, 5, 39, 63]"
3,0.1421865831355929,H,"[1, 5, 7]","[1, 5, 10]"
7,-0.3010610506132647,H,[3],"[1, 5]"
23,0.1191589169424777,H,[8],"[1, 23]"
23,0.1191589169424777,H,[8],"[1, 23]"
5,0.05700867513915593,H,[1],"[1, 3, 8]"
5,0.035423687560083475,H,[1],"[1, 5, 64]"
5,0.035423687560083475,H,[1],"[1, 5, 64]"
5,0.08355613969448394,H,[63],"[39, 64]"
23,0.16690686657529527,H,[39],"[63, 63]"
5,0.10408785876363655,H,[63],"[39, 66]"
28,0.16377530626306555,H,[10],"[1, 3]"
5,0.061236503434075926,H,[1],"[1, 3, 10]"
5,0.03586257919190294,H,[1],"[1, 5, 64]"
5,0.03586257919190294,H,[1],"[1, 5, 64]"
5,0.08355647172373881,H,[63],"[39, 64]"
23,0.16690686962360776,H,[39],"[63, 63]"
5,0.10408786194462209,H,[63],"[39, 66]"
5,0.10660488268490736,H,[3],"[1, 7]"
8,-0.32824783193466844,PEG2,"[1, 23, 23]","[1, 5, 5]"
1,0.01602750808117286,PEG2,"[1, 5, 5, 8]","[5, 5, 6, 23, 23]"
1,0.06169954983514134,PEG2,"[1, 5, 5, 6]","[1, 5, 5, 8]"
6,-0.3541179907273683,PEG2,"[1, 1]","[1, 5, 5, 5, 5, 6]"
1,0.1463867698016492,PEG2,"[5, 5, 6, 6]","[1, 1]"
6,-0.3530383380918824,PEG2,"[1, 1]","[1, 5, 5, 5, 5, 6]"
1,0.07287102106811487,PEG2,"[1, 5, 5, 6]","[1, 5, 5, 6]"
1,0.07012582662078513,PEG2,"[1, 5, 5, 6]","[1, 5, 5, 6]"
6,-0.37852369407253533,PEG2,"[1, 1]","[1, 1, 5, 5, 5, 5]"
1,0.05545810439712658,PEG2,"[1, 5, 5, 6]","[1, 3, 5, 5]"
1,0.049957079221725514,PEG2,"[1, 3, 5, 5]","[5, 5, 6, 7, 10]"
3,0.22189750944700085,PEG2,"[1, 7, 10]","[1, 1, 5, 5, 28]"
7,-0.27504393996928994,PEG2,[3],"[1, 10]"
10,-0.35371307980313377,PEG2,"[1, 3, 28]","[1, 1, 5, 5, 7]"
1,0.04096656617658486,PEG2,"[1, 5, 5, 10]","[3, 5, 5, 6, 28]"
1,0.06683439781997609,PEG2,"[1, 5, 5, 6]","[1, 5, 5, 10]"
6,-0.353600353658986,PEG2,"[1, 1]","[1, 5, 5, 5, 5, 6]"
1,0.14641253205342009,PEG2,"[5, 5, 6, 6]","[1, 1]"
6,-0.35303785608460353,PEG2,"[1, 1]","[1, 5, 5, 5, 5, 6]"
1,0.07287100968009333,PEG2,"[1, 5, 5, 6]","[1, 5, 5, 6]"
1,0.07012385628600216,PEG2,"[1, 5, 5, 6]","[1, 5, 5, 6]"
6,-0.37861191037573544,PEG2,"[1, 1]","[1, 1, 5, 5, 5, 5]"
1,0.0532946400543004,PEG2,"[1, 5, 5, 6]","[1, 3, 5, 5]"
1,0.02656482431933549,PEG2,"[1, 3, 5, 5]","[5, 5, 5, 6, 7]"
3,0.12178698545123233,PEG2,"[1, 5, 7]","[1, 5, 5]"
7,-0.30330810638430244,PEG2,[3],"[1, 5]"
23,0.11847129519105917,PEG2,[8],"[1, 23]"
23,0.11847129519105917,PEG2,[8],"[1, 23]"
5,0.04495839503052503,PEG2,[1],"[1, 5, 8]"
5,0.04495839503052503,PEG2,[1],"[1, 5, 8]"
5,0.0581135458388944,PEG2,[1],"[1, 5, 6]"
5,0.0581135458388944,PEG2,[1],"[1, 5, 6]"
5,0.08838714344836623,PEG2,[1],"[5, 6, 6]"
5,0.08838714344836623,PEG2,[1],"[5, 6, 6]"
5,0.059220476357327016,PEG2,[1],"[1, 5, 6]"
5,0.059220476357327016,PEG2,[1],"[1, 5, 6]"
5,0.059109869881536686,PEG2,[1],"[1, 5, 6]"
5,0.059109869881536686,PEG2,[1],"[1, 5, 6]"
5,0.057194717906102345,PEG2,[1],"[1, 5, 6]"
5,0.057194717906102345,PEG2,[1],"[1, 5, 6]"
5,0.03908743091842194,PEG2,[1],"[1, 3, 5]"
5,0.03908743091842194,PEG2,[1],"[1, 3, 5]"
28,0.16304145723084285,PEG2,[10],"[1, 3]"
5,0.05153246862441743,PEG2,[1],"[1, 5, 10]"
5,0.05153246862441743,PEG2,[1],"[1, 5, 10]"
5,0.058644639164549976,PEG2,[1],"[1, 5, 6]"
5,0.058644639164549976,PEG2,[1],"[1, 5, 6]"
5,0.08838760931579154,PEG2,[1],"[5, 6, 6]"
5,0.08838760931579154,PEG2,[1],"[5, 6, 6]"
5,0.05922047631360462,PEG2,[1],"[1, 5, 6]"
5,0.05922047631360462,PEG2,[1],"[1, 5, 6]"
5,0.059109854002292246,PEG2,[1],"[1, 5, 6]"
5,0.059109854002292246,PEG2,[1],"[1, 5, 6]"
5,0.05710793675974616,PEG2,[1],"[1, 5, 6]"
5,0.05710793675974616,PEG2,[1],"[1, 5, 6]"
5,0.03674946729245598,PEG2,[1],"[1, 3, 5]"
5,0.03674946729245598,PEG2,[1],"[1, 3, 5]"
5,0.10433281146781997,PEG2,[3],"[1, 7]"
8,-0.31757984808093054,S8,"[1, 23, 23]","[1, 1, 3]"
1,0.09250971783603948,S8,"[1, 1, 3, 8]","[1, 5, 5, 5, 5, 5, 7, 10, 23, 23]"
1,-0.026262363257546665,S8,"[1, 1, 5, 5]","[1, 1, 3, 5, 5, 8]"
1,-0.05105193683109595,S8,"[1, 1, 5, 5]","[1, 1, 5, 5, 5, 5]"
1,-0.05321203278424487,S8,"[1, 1, 5, 5]","[1, 1, 5, 5, 5, 5]"
1,-0.053009666213488016,S8,"[1, 1, 5, 5]","[1, 1, 5, 5, 5, 5]"
1,-0.049825005949186485,S8,"[1, 1, 5, 5]","[1, 2, 5, 5, 5, 5]"
1,-0.03507346734826949,S8,"[1, 2, 5, 5]","[1, 2, 5, 5, 5]"
2,-0.08853928215607074,S8,"[1, 2, 5]","[1, 1, 5, 5, 5]"
1,-0.037945009077080906,S8,"[1, 5, 5, 5]","[1, 3, 8]"
3,0.2400693817639421,S8,"[1, 7, 10]","[1, 1, 1, 8, 28]"
7,-0.2729612907342677,S8,[3],"[1, 10]"
10,-0.34257570549551425,S8,"[1, 3, 28]","[1, 1, 1, 3, 7]"
1,0.09268419534017155,S8,"[1, 1, 3, 10]","[1, 3, 5, 5, 5, 5, 5, 5, 7, 28]"
1,-0.02325752630090637,S8,"[1, 1, 5, 5]","[1, 1, 3, 5, 5, 10]"
1,-0.050652542254448735,S8,"[1, 1, 5, 5]","[1, 1, 5, 5, 5, 5]"
1,-0.0531947765182093,S8,"[1, 1, 5, 5]","[1, 1, 5, 5, 5, 5]"
1,-0.05300935594663284,S8,"[1, 1, 5, 5]","[1, 1, 5, 5, 5, 5]"
1,-0.049825003415012455,S8,"[1, 1, 5, 5]","[1, 2, 5, 5, 5, 5]"
1,-0.03507346733848609,S8,"[1, 2, 5, 5]","[1, 2, 5, 5, 5]"
2,-0.08853928215605254,S8,"[1, 2, 5]","[1, 1, 5, 5, 5]"
1,-0.03491778620946322,S8,"[1, 5, 5, 5]","[1, 3, 10]"
3,0.1446331145358613,S8,"[1, 5, 7]","[1, 1, 10]"
7,-0.30075846385184263,S8,[3],"[1, 5]"
23,0.11940884940915494,S8,[8],"[1, 23]"
23,0.11940884940915494,S8,[8],"[1, 23]"
5,0.029063792455905867,S8,[1],"[1, 1, 5]"
5,0.029063792455905867,S8,[1],"[1, 1, 5]"
5,0.026736315885561496,S8,[1],"[1, 1, 5]"
5,0.026736315885561496,S8,[1],"[1, 1, 5]"
5,0.026654530387731176,S8,[1],"[1, 1, 5]"
5,0.026654530387731176,S8,[1],"[1, 1, 5]"
5,0.02666399262713213,S8,[1],"[1, 1, 5]"
5,0.02666399262713213,S8,[1],"[1, 1, 5]"
5,0.026968724419638428,S8,[1],"[1, 1, 5]"
5,0.026968724419638428,S8,[1],"[1, 1, 5]"
5,0.03096281751299498,S8,[1],"[1, 2, 5]"
5,0.03096281751299498,S8,[1],"[1, 2, 5]"
5,0.05724628302074341,S8,[2],"[1, 2]"
5,0.02544797438680933,S8,[1],"[1, 5, 5]"
5,0.02544797438680933,S8,[1],"[1, 5, 5]"
5,0.02544797438680933,S8,[1],"[1, 5, 5]"
28,0.16404829018569927,S8,[10],"[1, 3]"
5,0.02949937780116276,S8,[1],"[1, 1, 5]"
5,0.02949937780116276,S8,[1],"[1, 1, 5]"
5,0.026753704918404193,S8,[1],"[1, 1, 5]"
5,0.026753704918404193,S8,[1],"[1, 1, 5]"
5,0.026654833363658807,S8,[1],"[1, 1, 5]"
5,0.026654833363658807,S8,[1],"[1, 1, 5]"
5,0.026663995067595887,S8,[1],"[1, 1, 5]"
5,0.026663995067595887,S8,[1],"[1, 1, 5]"
5,0.026968724428999277,S8,[1],"[1, 1, 5]"
5,0.026968724428999277,S8,[1],"[1, 1, 5]"
5,0.030962817513012338,S8,[1],"[1, 2, 5]"
5,0.030962817513012338,S8,[1],"[1, 2, 5]"
5,0.05724628302074342,S8,[2],"[1, 2]"
5,0.025882186420486588,S8,[1],"[1, 5, 5]"
5,0.025882186420486588,S8,[1],"[1, 5, 5]"
5,0.025882186420486588,S8,[1],"[1, 5, 5]"
5,0.10691111221175682,S8,[3],"[1, 7]"
8,-0.3224595240168007,G,"[1, 23, 23]","[3, 5, 5]"
1,0.07273713157621801,G,"[3, 5, 5, 8]","[7, 10, 23, 23]"
3,0.23359228307972932,G,"[1, 7, 10]","[1, 5, 5, 8, 28]"
7,-0.2736411691905644,G,[3],"[1, 10]"
10,-0.3482196250934262,G,"[1, 3, 28]","[1, 3, 5, 5, 7]"
1,0.07337691688064027,G,"[3, 5, 5, 10]","[3, 5, 7, 28]"
3,0.1386405721056665,G,"[1, 5, 7]","[5, 5, 10]"
7,-0.30140298030618395,G,[3],"[1, 5]"
23,0.11887686090625374,G,[8],"[1, 23]"
23,0.11887686090625374,G,[8],"[1, 23]"
5,0.0528629320141747,G,[1],"[3, 5, 8]"
5,0.0528629320141747,G,[1],"[3, 5, 8]"
28,0.16345887020750213,G,[10],"[1, 3]"
5,0.05708915208943912,G,[1],"[3, 5, 10]"
5,0.05708915208943912,G,[1],"[3, 5, 10]"
5,0.10625963473748365,G,[3],"[1, 7]"
